unique_id,FICO_Score,FICO_Class
-0.5414414130916504,573,Fair
-1.5496296151230005,639,Good
0.03151317808028144,563,Fair
-0.6535604162947866,625,Good
1.359284680580413,536,Fair
0.10567062901778879,603,Good
-1.2909613636385997,639,Good
-0.12474716496660906,647,Good
-0.78951574301355,628,Good
0.8172290272991094,600,Fair
-0.78951574301355,628,Good
-0.46816678895101815,899,Very Good
0.8816753834709908,542,Fair
1.738900203236701,628,Good
-0.6526775894979114,625,Good
-1.0649577036385773,477,Fair
0.005028374174028806,528,Fair
-0.5864655797322799,627,Good
-1.3059694191854763,681,Good
-0.005565547388472245,502,Fair
1.8174717881585833,807,Very Good
-0.7965783573885508,627,Good
0.20719571065842388,637,Good
0.22132093940842526,638,Good
0.449973079799073,561,Fair
0.4826376712834512,696,Good
1.287775710033531,436,Fair
0.06682624995528494,552,Fair
-1.0561294356698265,616,Good
0.06859190354903512,673,Good
-0.02675339051347435,650,Good
0.04387275323653266,563,Fair
1.7530254319867022,832,Very Good
-0.5732231777791535,627,Good
1.8086435201898325,421,Fair
-0.3516336517635066,510,Fair
-0.7286006940291689,625,Good
1.648851869955442,482,Fair
1.2948383244085317,514,Fair
-0.01880794934159856,551,Fair
0.0694747303459102,435,Fair
-0.7939298769979255,639,Good
0.5250133575334553,413,Fair
0.053583848002158624,516,Fair
-1.6282012000448833,676,Good
0.04387275323653266,563,Fair
0.4243711026896954,390,LOW
-0.1936076551228659,674,Good
0.097725187845913,498,Fair
1.2851272296429057,675,Good
1.7636193535492033,830,Very Good
-0.6544432430916616,628,Good
-0.5440898934822757,452,Fair
0.097725187845913,498,Fair
-0.7374289619979199,625,Good
1.286892883236656,544,Fair
1.7830415430804551,542,Fair
-0.48935463207602026,899,Very Good
0.9408247788616216,674,Good
1.3654644681585388,589,Fair
-0.5440898934822757,452,Fair
-0.6420836679354104,629,Good
0.4676296157365747,678,Good
1.7821587162835801,542,Fair
0.7254150404241003,621,Good
-1.040238553326075,564,Fair
-0.7330148280135445,626,Good
-0.1803652531697396,630,Good
0.04916971401778319,448,Fair
-1.0225820173885731,629,Good
0.11538172378341476,899,Very Good
0.7889785697991066,478,Fair
1.6753366738616946,493,Fair
0.7810331286272308,478,Fair
0.45703569417407364,410,Fair
1.5402641739398062,558,Fair
0.6653828182365943,606,Good
-1.4975428341073702,638,Good
-1.0561294356698265,616,Good
0.33432276940843647,641,Good
0.10390497542403862,863,Very Good
-0.5299646647322743,403,Fair
0.8216431612834848,605,Good
0.7280635208147256,621,Good
1.7565567391742025,472,Fair
-1.0199335369979479,899,Very Good
-0.7286006940291689,625,Good
0.4746922301115754,676,Good
1.5755772458148096,531,Fair
-0.7868672626229247,626,Good
1.1297497133928904,682,Good
-0.5281990111385241,441,Fair
0.027099044095905994,397,LOW
1.2833615760491557,676,Good
-1.080848585982329,411,Fair
-0.5414414130916504,573,Fair
-0.4849404980916448,899,Very Good
0.44467611901782245,575,Fair
-0.5281990111385241,441,Fair
-0.5891140601229051,628,Good
-0.4637526549666427,899,Very Good
-0.3710558412947585,481,Fair
1.2930726708147815,595,Fair
1.7786274090960799,558,Fair
-1.4895973929354944,676,Good
-0.7162411188729177,625,Good
0.5903425405022119,624,Good
-0.041761446060350836,573,Fair
-1.3969005792636102,638,Good
-0.7294835208260441,626,Good
-0.5696918705916533,628,Good
0.7386574423772266,492,Fair
-1.5063711020761212,543,Fair
1.2939554976116567,647,Good
-0.004682720591597158,432,Fair
0.2478057433146779,638,Good
-1.2997896316073507,678,Good
-1.4233853831698629,675,Good
0.8949177854241172,675,Good
-1.029644631763574,478,Fair
1.8245344025335841,514,Fair
-0.6173645176229079,625,Good
1.8280657097210844,518,Fair
0.45615286737719857,528,Fair
-0.056769501607227324,552,Fair
1.5270217719866799,606,Good
-1.1497090761385858,638,Good
-1.1444121153573352,638,Good
0.06152928917403441,670,Good
0.05181819440840845,574,Fair
0.4190741419084449,429,Fair
0.38640955042406666,899,Very Good
-0.0011514134040968072,668,Good
0.1268584721427909,707,Very Good
0.07918582511153617,514,Fair
1.7750961019085794,547,Fair
0.45085590659594804,677,Good
0.0624121159709095,676,Good
-0.4090173935603873,641,Good
0.42966806347094594,436,Fair
0.04298992643965757,511,Fair
0.4764578837053256,679,Good
0.07035755714278528,694,Good
-0.8009924913729262,630,Good
1.7954011182367065,542,Fair
1.4431532262835465,492,Fair
-1.0729031448104531,644,Good
1.2489313309710273,899,Very Good
-1.4101429812167365,638,Good
1.498771314486677,899,Very Good
0.44291046542407225,425,Fair
-0.6932876221541655,630,Good
-0.12916129895098452,608,Good
0.853424925970988,899,Very Good
0.12332716495529054,899,Very Good
-0.08325430551347995,682,Good
-0.6332553999666595,631,Good
0.4164256615178196,684,Good
1.8095263469867076,424,Fair
-0.6208958248104083,639,Good
0.9973256938616273,543,Fair
-1.503722621685496,684,Good
-0.8371883900448047,497,Fair
1.4625754158147983,611,Good
0.06859190354903512,673,Good
-0.39489216481038586,399,LOW
-1.6811708078573886,676,Good
-0.45492438699789184,899,Very Good
-0.6597402038729121,626,Good
0.07830299831466107,630,Good
-1.3103835531698518,675,Good
-0.687990661372915,626,Good
-1.7103040921542665,662,Good
-0.48405767129476973,899,Very Good
-0.22715507340411922,557,Fair
-1.2547654649667213,677,Good
-0.6208958248104083,639,Good
-0.6464978019197858,625,Good
1.0909053343303865,676,Good
-0.4990657268416462,614,Good
1.833362670502335,444,Fair
-1.494894353716745,677,Good
-0.6261927855916588,629,Good
-0.7021158901229163,627,Good
-1.7235464941073928,675,Good
-1.5840598602011289,677,Good
-0.6438493215291605,628,Good
-1.2441715434042202,677,Good
1.105913389877263,531,Fair
-1.0896768539510797,513,Fair
-0.46198700137289256,899,Very Good
-0.6668028182479129,625,Good
0.11096758979903931,627,Good
-0.516722262779148,530,Fair
-0.6509119359041613,628,Good
1.589702474564811,574,Fair
0.05005254081465827,390,LOW
-0.7436087495760455,625,Good
-0.3030781779353768,529,Fair
-1.6379122948105092,676,Good
-0.1521147956697368,659,Good
0.2548683576896786,638,Good
1.2445171969866518,899,Very Good
0.883441037064741,676,Good
-1.6917647294198896,676,Good
0.06064646237715932,542,Fair
1.7309547620648251,899,Very Good
-0.011745334966597859,463,Fair
0.5144194359709543,425,Fair
1.6620942719085683,457,Fair
-1.6485062163730102,677,Good
-1.0596607428573268,532,Fair
0.9902630794866265,675,Good
-1.0887940271542047,725,Very Good
1.7247749744866994,899,Very Good
-0.6694512986385381,630,Good
1.8042293862054573,526,Fair
0.08624843948653686,509,Fair
1.833362670502335,444,Fair
-1.0605435696542018,419,Fair
0.9787863311272504,674,Good
0.3237288478459354,638,Good
0.037692965658407046,605,Good
-0.8636731939510573,628,Good
-1.011105269029197,643,Good
-1.3403996642636047,638,Good
0.3334399426115614,638,Good
0.01120816175215442,616,Good
-0.7012330633260413,629,Good
0.1612887172209193,472,Fair
1.1482890761272673,678,Good
1.1006164290960125,676,Good
-1.5875911673886292,638,Good
0.7986896645647326,478,Fair
-1.3095007263729765,676,Good
0.12862412573654106,899,Very Good
-0.14946631527911153,659,Good
-0.7824531286385493,630,Good
0.6697969522209698,611,Good
0.08183430550216143,591,Fair
-0.7347804816072946,632,Good
-0.03999579246660066,663,Good
-0.15388044926348696,419,Fair
-1.7041243045761407,626,Good
-1.4383934387167394,676,Good
-1.454284321060491,682,Good
0.6530232430803431,613,Good
-0.5008313804353964,899,Very Good
1.035287246127256,674,Good
0.7695563802678547,899,Very Good
1.3433937982366615,426,Fair
1.2939554976116567,647,Good
-0.7780389946541739,626,Good
-0.5264333575447739,558,Fair
1.801580905814832,474,Fair
1.437856265502296,594,Fair
0.3978862987834428,680,Good
1.2824787492522804,542,Fair
1.499654141283552,670,Good
0.04210709964278248,419,Fair
-1.0331759389510742,559,Fair
1.7168295333148236,473,Fair
-0.05941798199785259,699,Good
-0.36399322691975783,619,Good
-0.6288412659822841,630,Good
1.8263000561273344,587,Fair
-1.2397574094198447,687,Good
-1.475472164185493,675,Good
0.9796691579241255,675,Good
-1.243288716607345,675,Good
1.0070367886272533,674,Good
0.5841627529240863,899,Very Good
-0.7603824587166721,627,Good
0.732477654799101,621,Good
-0.9837376383260693,675,Good
-1.2944926708261002,677,Good
0.9205197625334947,674,Good
0.13568674011154178,527,Fair
-1.7182495333261423,675,Good
-1.1744282264510881,715,Very Good
0.7951583573772322,478,Fair
-1.1285212330135836,625,Good
-1.080848585982329,411,Fair
-0.07001190356035364,609,Good
-0.4054860863728869,872,Very Good
0.9072773605803683,542,Fair
0.6883363149553466,442,Fair
-0.4284395830916392,495,Fair
0.2840016419865565,639,Good
0.1489291420646681,556,Fair
1.0432326872991318,674,Good
-0.9563700076229416,690,Good
1.7812758894867051,545,Fair
1.749494124799202,872,Very Good
-1.0940909879354552,537,Fair
1.6656255790960686,379,LOW
0.03416165847090669,399,LOW
1.0185135369866294,675,Good
-0.7903985698104251,626,Good
0.6644999914397193,609,Good
0.12067868456466528,623,Good
0.5153022627678294,464,Fair
-0.94047912527919,552,Fair
0.005911200970903894,659,Good
0.803103798549108,606,Good
-0.20949853746661748,616,Good
-0.4081345667635122,646,Good
-0.06294928918535293,702,Very Good
0.7368917887834764,606,Good
-0.21038136426349258,899,Very Good
-0.7074128509041668,629,Good
-0.7427259227791704,497,Fair
-1.0649577036385773,477,Fair
1.7574395659710778,872,Very Good
-0.3842982432478848,704,Very Good
-0.5017142072322714,899,Very Good
0.03416165847090669,399,LOW
-0.7542026711385466,627,Good
1.3954805792522917,605,Good
-0.002034240200971895,431,Fair
1.196844549955397,684,Good
0.0835999590959116,600,Fair
1.1200386186272644,691,Good
-1.0172850566073226,650,Good
0.9328793376897458,674,Good
0.9108086677678687,674,Good
1.0600063964397586,681,Good
-1.352759239419856,678,Good
1.5923509549554362,557,Fair
-1.4516358406698657,679,Good
-0.6447321483260356,626,Good
1.2895413636272812,567,Fair
1.7856900234710804,556,Fair
-0.18742786754474028,674,Good
-0.048824060435351535,665,Good
0.11626455058028984,460,Fair
0.9152228017522441,676,Good
-0.3295629818416294,660,Good
-0.6597402038729121,626,Good
-0.8725014619198083,626,Good
0.802220971752233,605,Good
0.005028374174028806,528,Fair
-0.02233925652909891,633,Good
-1.2371089290292194,681,Good
-0.9802063311385689,675,Good
0.03504448526778178,551,Fair
0.04740406042403301,481,Fair
-0.057652328404102414,551,Fair
1.7786274090960799,558,Fair
-0.6191301712166581,631,Good
-0.5131909555916476,899,Very Good
-1.6608657915292615,675,Good
-0.5158394359822729,423,Fair
0.10655345581466388,595,Fair
-0.5246677039510238,421,Fair
0.5170679163615796,418,Fair
0.42966806347094594,436,Fair
-0.5917625405135304,627,Good
-1.0843798931698292,508,Fair
-0.5705746973885283,628,Good
-1.0543637820760763,512,Fair
-0.1362239133259852,609,Good
1.519076330814804,671,Good
1.2436343701897767,899,Very Good
-0.5758716581697788,627,Good
0.4552700405803235,390,LOW
-0.6632715110604125,629,Good
1.5049511020648025,889,Very Good
-1.2282806610604686,683,Good
0.9399419520647466,675,Good
-1.3483451054354805,626,Good
1.813940480971083,420,Fair
1.6585629647210678,384,LOW
-0.0029170669978469824,675,Good
-1.1038020827010813,676,Good
0.39082368440844206,899,Very Good
0.3784641092521909,899,Very Good
-1.4066116740292363,677,Good
-0.10973910941973258,616,Good
-1.2971411512167255,641,Good
0.027099044095905994,397,LOW
0.5020598608147031,547,Fair
0.6892191417522217,605,Good
-0.517605089576023,406,Fair
0.005911200970903894,659,Good
-0.5908797137166554,630,Good
-1.0826142395760792,522,Fair
-0.6659199914510378,629,Good
1.7759789287054546,441,Fair
-0.657974550279162,631,Good
-0.5520353346541514,596,Fair
1.710649745736698,899,Very Good
-1.2406402362167197,638,Good
0.7086413312834736,605,Good
1.6576801379241928,457,Fair
-0.5317303183260245,440,Fair
-0.6977017561385409,626,Good
-1.0932081611385802,528,Fair
0.2760562008146807,497,Fair
0.8269401220647353,643,Good
-1.5920053013730047,679,Good
0.08624843948653686,509,Fair
1.2665878669085289,899,Very Good
-0.6191301712166581,631,Good
-0.8371883900448047,497,Fair
-1.6511546967636355,677,Good
0.913457148158494,678,Good
-0.537027279107275,422,Fair
-0.00379989379472207,447,Fair
-0.6359038803572847,626,Good
-0.21302984465411784,557,Fair
1.1279840597991402,664,Good
-0.5440898934822757,452,Fair
0.06417776956465968,440,Fair
1.2718848276897794,899,Very Good
0.9761378507366252,674,Good
-1.6087790105136313,637,Good
1.5552722294866825,899,Very Good
1.6285468536273149,449,Fair
-1.5858255137948791,675,Good
0.3722843216740652,899,Very Good
-1.0702546644198279,622,Good
-0.48847180527914513,899,Very Good
0.510888128783454,421,Fair
-0.3533993053572568,445,Fair
-0.5935281941072806,630,Good
-0.4505102530135164,899,Very Good
0.0482868872209081,562,Fair
-0.3286801550447543,725,Very Good
1.2904241904241562,543,Fair
-0.050589714029101715,581,Fair
1.2692363472991541,899,Very Good
-0.6050049424666567,626,Good
1.8104091737835828,528,Fair
-1.1761938800448384,638,Good
1.2559939453460278,899,Very Good
-0.05235536762285189,497,Fair
-1.04112138012295,564,Fair
1.2886585368304062,541,Fair
-1.1594201709042118,638,Good
-0.19007634793536554,674,Good
0.5682718705803347,873,Very Good
-0.9581356612166918,690,Good
-1.011105269029197,643,Good
0.005911200970903894,659,Good
-0.8486651384041809,625,Good
1.2851272296429057,675,Good
1.5411470007366812,419,Fair
1.5817570333929352,429,Fair
1.700055824174197,899,Very Good
-0.6058877692635318,631,Good
-1.090559680747955,674,Good
-1.0782001055917037,543,Fair
0.12244433815841546,899,Very Good
-1.090559680747955,674,Good
1.7362517228460757,899,Very Good
1.3601675073772883,508,Fair
-0.7171239456697929,627,Good
-1.5981850889511302,638,Good
-0.3728214948885087,428,Fair
-0.5723403509822785,626,Good
0.9620126219866237,678,Good
-0.939596298482315,376,LOW
0.8701986351116147,674,Good
1.7424315104242012,536,Fair
0.0694747303459102,435,Fair
1.7750961019085794,547,Fair
0.45262156018969824,690,Good
0.4340821974553214,547,Fair
1.044998340892882,681,Good
1.833362670502335,444,Fair
-0.7515541907479213,629,Good
-0.2562883577009971,704,Very Good
-1.0049254814510713,627,Good
0.1189130309709151,654,Good
-1.0464183409042005,555,Fair
1.751259778392952,899,Very Good
1.358401853783538,571,Fair
-1.051715301685451,492,Fair
1.8095263469867076,424,Fair
1.8298313633148346,454,Fair
1.0273418049553802,675,Good
-0.7859844358260497,643,Good
0.8490107919866126,868,Very Good
-0.5846999261385297,625,Good
-0.041761446060350836,573,Fair
-0.5838170993416546,625,Good
-0.9192912821541879,478,Fair
-1.332454223091729,677,Good
0.9319965108928708,674,Good
-1.4304479975448636,676,Good
-0.47434657652914375,899,Very Good
-0.10355932184160697,607,Good
-0.6606230306697872,628,Good
1.799815252221082,455,Fair
0.0482868872209081,562,Fair
1.7830415430804551,542,Fair
1.600296396127312,467,Fair
-1.0940909879354552,537,Fair
0.5161850895647045,422,Fair
1.6426720823773162,404,Fair
-1.0481839944979507,561,Fair
-1.0755516252010784,513,Fair
-0.2704135864509985,622,Good
-0.335742769419755,441,Fair
-0.788632916216675,634,Good
-0.18477938715411502,542,Fair
0.8675501547209894,674,Good
-0.06206646238847785,692,Good
0.044755580033407745,562,Fair
0.6300697463615909,899,Very Good
-0.9166428017635626,478,Fair
-1.0102224422323218,644,Good
-0.5961766744979059,627,Good
-0.11856737738848346,643,Good
0.4455589458146975,564,Fair
1.2842444028460307,465,Fair
1.0794285859710104,690,Good
1.2824787492522804,542,Fair
0.27870468120530595,638,Good
-0.7939298769979255,639,Good
0.6106475568303389,522,Fair
-0.17595111918536416,899,Very Good
-1.181490840826089,638,Good
1.296603978002282,560,Fair
0.7377746155803515,622,Good
0.47822353729907574,683,Good
1.3010181119866573,621,Good
-0.5794029653572792,627,Good
-1.0446526873104502,561,Fair
0.05976363558028424,440,Fair
-1.524910464810498,691,Good
-0.03911296566972557,704,Very Good
1.1315153669866407,681,Good
1.8051122130023325,399,LOW
-0.6473806287166609,627,Good
-0.9757921971541935,489,Fair
-1.282133095669849,678,Good
0.4040660863615684,646,Good
-0.4981829000447711,899,Very Good
1.8342454972992102,646,Good
-0.5264333575447739,558,Fair
1.4458017066741717,634,Good
0.46409830854907436,699,Good
-0.4204941419197634,494,Fair
0.8693158083147395,675,Good
-1.3845410041073591,682,Good
-0.28983577598225047,644,Good
1.2939554976116567,647,Good
-1.0605435696542018,419,Fair
1.8112920005804578,452,Fair
-0.5281990111385241,441,Fair
1.5826398601898104,532,Fair
-1.0455355141073255,576,Fair
-1.2477028505917205,675,Good
-1.0940909879354552,537,Fair
0.012090988549029506,623,Good
-0.22450659301349396,557,Fair
-0.6606230306697872,628,Good
-1.6502718699667605,638,Good
-1.3801268701229836,676,Good
-0.6359038803572847,626,Good
-0.5193707431697733,424,Fair
1.022927670971005,544,Fair
1.6523831771429422,433,Fair
-0.5149566091853978,421,Fair
-0.10620780223223224,899,Very Good
1.833362670502335,444,Fair
-0.8777984227010588,628,Good
1.2736504812835296,899,Very Good
0.45703569417407364,410,Fair
-0.6420836679354104,629,Good
1.0900225075335115,675,Good
-1.1276384062167086,678,Good
0.6388980143303417,622,Good
-0.7241865600447935,628,Good
-0.03293317809159996,450,Fair
1.32750291589291,521,Fair
-1.6396779484042594,675,Good
-1.0093396154354468,678,Good
0.43673067784594666,546,Fair
-0.02851904410722452,561,Fair
-1.0164022298104476,622,Good
0.23544616815842667,638,Good
1.621484239252314,531,Fair
0.09684236104903791,389,LOW
-0.00379989379472207,447,Fair
0.8507764455803627,899,Very Good
-0.6659199914510378,629,Good
0.7589624587053536,868,Very Good
-0.7171239456697929,627,Good
-0.5158394359822729,423,Fair
-0.799226837779176,628,Good
1.2092041251116483,689,Good
-0.6438493215291605,628,Good
-0.03911296566972557,704,Very Good
-0.5882312333260301,626,Good
-1.4586984550448665,638,Good
-0.7029987169197914,626,Good
-1.0437698605135752,658,Good
-1.5125508896542468,681,Good
-0.6412008411385353,628,Good
1.3689957753460391,468,Fair
-1.0499496480917008,556,Fair
-0.008214027779097507,587,Fair
0.07565451792403581,466,Fair
-0.38518107004475993,622,Good
-1.0702546644198279,622,Good
-0.0029170669978469824,675,Good
1.7662678339398286,625,Good
1.5932337817523115,543,Fair
1.1624143048772686,638,Good
-0.83983687043543,628,Good
-0.6668028182479129,625,Good
0.5691546973772098,651,Good
-0.8468994848104308,627,Good
-0.3648760537166329,626,Good
1.7803930626898299,520,Fair
-0.8557277527791816,625,Good
0.5258961843303305,420,Fair
-0.699467409732291,626,Good
-1.4092601544198615,678,Good
-1.4887145661386194,708,Very Good
0.5197163967522048,685,Good
0.23897747534592703,637,Good
1.548209615111682,451,Fair
-0.8380712168416798,630,Good
1.4299108243304202,634,Good
1.750376951596077,872,Very Good
-0.7471400567635458,630,Good
0.6777423933928456,899,Very Good
1.801580905814832,474,Fair
-1.5893568209823794,676,Good
-0.6314897463729093,625,Good
-1.4401590923104897,638,Good
-0.2139126714509929,575,Fair
0.30960361909593404,637,Good
-0.5846999261385297,625,Good
0.25839966487717897,638,Good
-0.5140737823885227,421,Fair
-0.7903985698104251,626,Good
1.477583471361675,619,Good
-0.9245882429354384,575,Fair
-1.0340587657479492,556,Fair
0.6441949751115922,899,Very Good
0.45880134776782383,441,Fair
0.0006142401896533679,534,Fair
-0.2439287825447459,897,Very Good
0.45791852097094876,477,Fair
-0.6023564620760314,626,Good
1.3425109714397865,508,Fair
0.45262156018969824,690,Good
-0.6058877692635318,631,Good
1.6682740594866938,408,Fair
-0.6244271319979087,626,Good
0.9505358736272477,677,Good
-1.4728236837948678,638,Good
1.7945182914398314,543,Fair
1.4714036837835494,635,Good
1.7441971640179514,695,Good
0.4729265765178252,621,Good
1.2921898440179065,429,Fair
0.33520559620531154,637,Good
1.4449188798772967,899,Very Good
-1.726194974498018,678,Good
1.1880162819866462,675,Good
1.7662678339398286,625,Good
0.631835399955341,638,Good
-1.7323747620761436,625,Good
0.0014970669865284555,623,Good
0.562092083002209,899,Very Good
-1.3986662328573605,675,Good
-0.5908797137166554,630,Good
0.35021365175218805,899,Very Good
1.8192374417523336,807,Very Good
0.9911459062835016,675,Good
-0.699467409732291,626,Good
1.0644205304241339,688,Good
-0.6032392888729066,626,Good
-0.19890461590411643,674,Good
0.12509281854904072,643,Good
1.7803930626898299,520,Fair
-0.849547965201056,628,Good
0.2539855308928035,495,Fair
0.349330824955313,899,Very Good
-0.6438493215291605,628,Good
-1.2309291414510939,674,Good
1.589702474564811,574,Fair
1.0635377036272589,677,Good
1.286010056439781,464,Fair
-0.6765139130135388,635,Good
-0.002034240200971895,431,Fair
0.6027021156584631,605,Good
-0.749788537154171,628,Good
-0.7206552528572931,643,Good
-0.6394351875447851,627,Good
-0.7021158901229163,627,Good
0.49323159284595225,560,Fair
0.9178712821428694,675,Good
1.17477388003352,677,Good
-0.7038815437166666,628,Good
-1.6105446641073815,543,Fair
-0.5705746973885283,628,Good
-0.2509913969197466,706,Very Good
-0.004682720591597158,432,Fair
-0.6288412659822841,630,Good
-1.0596607428573268,532,Fair
-1.3068522459823513,638,Good
0.4985285536272028,525,Fair
1.5835226869866854,527,Fair
-0.627958439185409,625,Good
-0.3975406452010111,703,Very Good
0.7704392070647298,606,Good
0.3475651713615628,879,Very Good
-0.8557277527791816,625,Good
-0.5758716581697788,627,Good
-1.6193729320761323,689,Good
-0.45669004059164203,899,Very Good
0.43143371706469613,473,Fair
0.9452389128459971,675,Good
-1.2450543702010952,638,Good
1.813057654174208,527,Fair
1.419316902767919,535,Fair
-1.001394174263571,640,Good
-0.5944110209041557,631,Good
-0.15741175645098732,659,Good
-1.1108646970760818,675,Good
1.7874556770648307,467,Fair
-1.0684890108260776,493,Fair
1.0882568539397612,675,Good
-0.7365461352010447,643,Good
0.4243711026896954,390,LOW
-1.0958566415292055,577,Fair
0.07124038393966038,676,Good
-0.6844593541854146,605,Good
-1.6220214124667576,638,Good
1.0935538147210118,676,Good
-0.7206552528572931,643,Good
0.20189874987717335,637,Good
0.05093536761153336,455,Fair
-1.0437698605135752,658,Good
-0.015276642154098208,597,Fair
1.1836021480022707,545,Fair
1.548209615111682,451,Fair
-1.3580562002011065,638,Good
0.8975662658147424,542,Fair
-0.5988251548885312,626,Good
-0.03823013887285048,573,Fair
0.37316714847094035,899,Very Good
1.4661067230022988,899,Very Good
0.651257589486593,607,Good
1.4131371151897936,464,Fair
-0.6570917234822868,629,Good
-0.6500291091072862,625,Good
0.23809464854905193,637,Good
-1.0596607428573268,532,Fair
1.5808742065960601,544,Fair
-1.0367072461385745,632,Good
-1.5081367556698713,678,Good
1.3857694844866657,478,Fair
-0.6756310862166637,660,Good
0.03504448526778178,551,Fair
-1.0473011677010755,618,Good
0.36963584128343996,899,Very Good
0.054466674799033714,606,Good
0.47204374972095015,642,Good
0.47204374972095015,642,Good
-0.02587056371659926,441,Fair
-0.01880794934159856,551,Fair
1.4908258733148012,614,Good
-0.5317303183260245,440,Fair
1.1403436349553915,687,Good
-0.5899968869197803,627,Good
-1.0172850566073226,650,Good
-1.0605435696542018,419,Fair
-0.6014736352791564,627,Good
1.5967650889398117,420,Fair
-0.7012330633260413,629,Good
0.6839221809709711,899,Very Good
-1.4834176053573689,676,Good
0.47822353729907574,683,Good
1.5817570333929352,429,Fair
-0.09208257348223083,565,Fair
-1.5337387327792489,676,Good
1.5446783079241815,667,Good
-1.0543637820760763,512,Fair
-1.677639500669888,626,Good
-0.649146282310411,625,Good
0.45262156018969824,690,Good
-0.07089473035722872,710,Very Good
0.6971645829240974,605,Good
-0.38253258965413467,484,Fair
0.05181819440840845,574,Fair
1.1032649094866378,546,Fair
0.4517387333928231,638,Good
-0.6535604162947866,625,Good
-0.14240370090411084,659,Good
0.06329494276778459,549,Fair
-0.04705840684160136,542,Fair
1.6921103830023212,394,LOW
0.5258961843303305,420,Fair
-0.23068638059161958,558,Fair
0.007676854564654069,420,Fair
1.7989324254242067,574,Fair
-0.5617464294197775,610,Good
1.3698786021429141,464,Fair
1.235688929017901,639,Good
1.6311953340179401,516,Fair
-0.02233925652909891,633,Good
-1.4560499746542412,678,Good
-1.3015552852011008,677,Good
-0.3375084230135052,597,Fair
-0.2721792400447487,704,Very Good
0.751899844330353,822,Very Good
-0.981089157935444,676,Good
-1.5302074255917486,675,Good
-0.99080025270107,675,Good
1.6179529320648138,543,Fair
-0.5405585862947754,574,Fair
-1.6184901052792573,675,Good
-0.265116625669748,704,Very Good
-1.6299668536386334,638,Good
0.8322370828459859,637,Good
-0.019690776138473646,406,Fair
-0.9139943213729373,415,Fair
0.11096758979903931,627,Good
0.9081601873772435,542,Fair
-1.342165317857355,675,Good
-0.5326131451228996,501,Fair
-0.5317303183260245,440,Fair
0.5241305307365803,593,Fair
-0.1733026387947389,608,Good
-0.9978628670760707,675,Good
1.7883385038617057,552,Fair
-0.6800452202010392,642,Good
0.5250133575334553,413,Fair
0.2636966256584295,638,Good
1.5808742065960601,544,Fair
1.6735710202679444,429,Fair
-0.6094190764510321,504,Fair
0.1189130309709151,654,Good
0.8313542560491108,638,Good
1.7750961019085794,547,Fair
-1.0358244193416994,410,Fair
-1.6387951216073844,508,Fair
0.21337549823654947,496,Fair
0.6715626058147199,865,Very Good
-0.6959361025447908,627,Good
0.017387949330280032,425,Fair
-0.7462572299666708,629,Good
1.045881167689757,680,Good
-1.4366277851229892,676,Good
0.8084007593303585,606,Good
0.16658567800216983,519,Fair
-0.607653422857282,626,Good
-1.4913630465292447,638,Good
-0.7012330633260413,629,Good
0.34315103737718733,679,Good
0.44291046542407225,425,Fair
-1.3377511838729794,676,Good
0.2204381126115502,508,Fair
1.5614520170648083,899,Very Good
-1.5019569680917457,676,Good
1.5755772458148096,531,Fair
-1.0932081611385802,528,Fair
-0.18831069434161538,674,Good
1.2383374094085262,638,Good
-0.019690776138473646,406,Fair
1.6082418372991878,582,Fair
-0.6394351875447851,627,Good
1.5746944190179346,899,Very Good
-0.8566105795760567,630,Good
1.8342454972992102,646,Good
-0.2156783250447431,705,Very Good
-0.7303663476229192,625,Good
-1.3977834060604855,638,Good
0.4464417726115726,477,Fair
-0.516722262779148,530,Fair
-0.5052455144197718,899,Very Good
-0.7762733410604237,626,Good
1.3910664452679162,639,Good
-0.6959361025447908,627,Good
0.027981870892781084,397,LOW
-0.8424853508260552,497,Fair
0.006794027767778981,661,Good
-0.9987456938729458,508,Fair
-0.5352616255135249,432,Fair
-1.0702546644198279,622,Good
1.3893007916741662,623,Good
-0.22803790020099432,647,Good
1.0467639944866323,663,Good
-1.2812502688729739,648,Good
-1.383658177310484,638,Good
0.15422610284591862,526,Fair
0.7757361678459803,637,Good
-0.14152087410723574,897,Very Good
-1.0790829323885787,640,Good
1.0697174912053844,680,Good
-0.6103019032479072,627,Good
-0.6085362496541571,630,Good
-1.4790034713729934,682,Good
0.7563139783147284,868,Very Good
-0.041761446060350836,573,Fair
0.21514115183029967,637,Good
-0.7268350404354188,627,Good
-0.2006702694978666,689,Good
-0.5846999261385297,625,Good
0.45085590659594804,677,Good
1.2798302688616552,899,Very Good
-0.6226614784041584,630,Good
-1.1152788310604573,679,Good
0.7183524260490995,605,Good
-1.6970616902011402,639,Good
-0.02851904410722452,561,Fair
-1.0596607428573268,532,Fair
-0.00733120098222242,500,Fair
-0.6270756123885339,639,Good
1.5455611347210567,629,Good
0.19218765511154737,639,Good
-1.0340587657479492,556,Fair
0.550615334642833,601,Good
-0.6544432430916616,628,Good
-1.4083773276229865,638,Good
1.3239716087054096,461,Fair
-0.6350210535604097,630,Good
0.037692965658407046,605,Good
-0.6023564620760314,626,Good
1.8307141901117097,513,Fair
1.2833615760491557,676,Good
0.27429054722093055,638,Good
-0.0726603839509789,646,Good
0.20013309628342316,638,Good
-1.505488275279246,677,Good
1.799815252221082,455,Fair
-1.180608014029214,625,Good
0.008559681361529157,490,Fair
1.8298313633148346,454,Fair
-0.7268350404354188,627,Good
0.15864023683029405,407,Fair
-1.0896768539510797,513,Fair
-1.264476559732347,676,Good
-1.080848585982329,411,Fair
-1.3562905466073563,675,Good
-1.0340587657479492,556,Fair
-0.9466589128573156,424,Fair
1.4652238962054236,899,Very Good
-1.4216197295761128,638,Good
-1.7005929973886404,675,Good
0.04034144604903231,571,Fair
0.0482868872209081,562,Fair
0.5276618379240806,529,Fair
-0.6270756123885339,639,Good
0.5603264294084589,899,Very Good
-0.5696918705916533,628,Good
0.4517387333928231,638,Good
0.027099044095905994,397,LOW
-0.7029987169197914,626,Good
0.7439544031584772,822,Very Good
-1.7217808405136426,542,Fair
1.297486804799157,540,Fair
0.4967629000334526,691,Good
0.6742110862053452,610,Good
0.6265384391740905,899,Very Good
-0.24657726293537116,490,Fair
-0.1865450407478652,675,Good
-1.2273978342635934,699,Good
-0.11768455059160837,607,Good
0.984083291908501,674,Good
-0.3198518870760034,530,Fair
-1.6078961837167562,638,Good
0.09242822706466247,591,Fair
-1.595536608560505,638,Good
0.41995696870531996,420,Fair
0.43496502425219646,431,Fair
-1.0490668212948258,564,Fair
1.5817570333929352,429,Fair
-1.0737859716073281,638,Good
-1.6908819026230144,625,Good
0.006794027767778981,661,Good
1.8104091737835828,528,Fair
0.7333604815959761,621,Good
0.47998919089282593,681,Good
-0.6464978019197858,625,Good
-0.3878295504353852,455,Fair
0.053583848002158624,516,Fair
-0.1220986845759838,659,Good
-1.5787628994198784,676,Good
-0.5723403509822785,626,Good
0.5250133575334553,413,Fair
-1.0790829323885787,640,Good
-0.006448374185347333,548,Fair
-0.7056471973104167,628,Good
1.8245344025335841,514,Fair
-1.232694795044844,638,Good
0.49146593925220206,682,Good
0.652140416283468,609,Good
0.4031832595646933,899,Very Good
1.1385779813616412,691,Good
-0.03293317809159996,450,Fair
-0.7771561678572988,627,Good
0.289298602767807,638,Good
-0.6915219685604153,626,Good
-1.1850221480135892,638,Good
-0.5158394359822729,423,Fair
1.1421092885491417,674,Good
0.4614498281584491,642,Good
0.02091925651778038,619,Good
1.5817570333929352,429,Fair
0.4596841745646989,679,Good
-0.8645560207479325,626,Good
-1.1505919029354608,638,Good
-0.6950532757479156,634,Good
1.5473267883148067,617,Good
1.4705208569866741,629,Good
1.5349672131585557,873,Very Good
0.12420999175216563,899,Very Good
1.3019009387835325,402,Fair
-0.637669533951035,628,Good
0.4384963314396968,430,Fair
1.399011886439792,548,Fair
0.712172638470974,605,Good
1.799815252221082,455,Fair
-1.3174461675448523,638,Good
0.0014970669865284555,623,Good
-0.3074923119197522,637,Good
-1.2777189616854734,639,Good
1.0661861840178841,678,Good
0.5779829653459606,899,Very Good
-1.214155432310467,638,Good
-0.5334959719197746,441,Fair
-1.0252304977791984,656,Good
0.6159445176115894,486,Fair
-0.6226614784041584,630,Good
-1.4057288472323612,676,Good
-1.5310902523886236,679,Good
-1.0499496480917008,556,Fair
0.5153022627678294,464,Fair
1.8289485365179596,564,Fair
0.05711515518965898,677,Good
0.10302214862716352,590,Fair
1.6841649418304454,462,Fair
-0.19184200152911574,674,Good
-0.8354227364510546,599,Fair
0.9187541089397445,544,Fair
1.7830415430804551,542,Fair
-0.48758897848227006,899,Very Good
0.4437932922209473,711,Very Good
1.6038277033148125,554,Fair
1.8051122130023325,399,LOW
-1.4604641086386165,638,Good
-0.6553260698885367,627,Good
0.9461217396428722,674,Good
-0.17859959957598942,609,Good
0.5188335699553298,405,Fair
-0.8751499423104335,676,Good
0.47734071050220067,688,Good
1.5773428994085599,542,Fair
0.015622295736529858,617,Good
1.286892883236656,544,Fair
-0.3586962661385073,611,Good
-0.09296540027910592,680,Good
0.22750072698655088,638,Good
0.20896136425217404,507,Fair
-1.5593407098886265,675,Good
-1.2344604486385942,682,Good
0.05005254081465827,390,LOW
1.8051122130023325,399,LOW
-0.698584582935416,626,Good
-0.3940093380135108,628,Good
-0.6297240927791592,631,Good
-0.8142348933260525,628,Good
1.2842444028460307,465,Fair
-1.2724220009042229,677,Good
-1.090559680747955,674,Good
1.7848071966742054,509,Fair
0.6865706613615964,621,Good
-0.83983687043543,628,Good
1.3160261675335339,606,Good
1.2807130956585304,676,Good
0.7969240109709824,606,Good
1.7865728502679556,546,Fair
-0.5952938477010308,631,Good
1.7936354646429562,449,Fair
-0.6244271319979087,626,Good
-1.543449827544875,546,Fair
0.42348827589282034,419,Fair
0.6327182267522161,637,Good
0.45880134776782383,441,Fair
-0.78951574301355,628,Good
1.789221330658581,504,Fair
-0.5926453673104055,625,Good
0.19483613550217263,639,Good
-0.6208958248104083,639,Good
-1.1717797460604629,625,Good
-1.6829364614511386,626,Good
1.2807130956585304,676,Good
-0.9687295827791929,689,Good
0.7059928508928484,605,Good
-0.00733120098222242,500,Fair
-0.2368661681697452,602,Good
-1.0782001055917037,543,Fair
-0.7100613312947921,626,Good
1.3213231283147844,606,Good
-0.6429664947322855,545,Fair
1.2851272296429057,675,Good
-0.6244271319979087,626,Good
1.2807130956585304,676,Good
-1.0764344519979534,638,Good
0.01827077612715512,528,Fair
-1.4119086348104868,638,Good
-0.5202535699666483,446,Fair
-1.2900785368417247,685,Good
1.0758972787835102,664,Good
0.03327883167403161,442,Fair
0.7051100240959732,605,Good
0.44114481183032206,423,Fair
0.5161850895647045,422,Fair
0.8754955958928652,676,Good
-0.009096854575972596,589,Fair
1.184484974799146,663,Good
-0.6915219685604153,626,Good
1.689461902611696,432,Fair
-1.625552719654258,676,Good
-0.6394351875447851,627,Good
-0.9616669684041921,690,Good
-0.4037204327791368,641,Good
-0.34633669098225606,609,Good
-0.26688227926349817,574,Fair
-0.006448374185347333,548,Fair
1.4855289125335507,677,Good
-1.063192050044827,480,Fair
-1.313914860357352,682,Good
-0.032050351294724874,689,Good
-1.1461777689510855,638,Good
0.5232477039397052,432,Fair
-0.02940187090409961,613,Good
1.5446783079241815,667,Good
-1.0843798931698292,508,Fair
0.48616897847095153,506,Fair
-0.8663216743416826,628,Good
-0.7903985698104251,626,Good
-0.027636217310349435,558,Fair
-0.7118269848885423,626,Good
-0.16270871723223784,618,Good
0.4764578837053256,679,Good
-0.06912907676347856,627,Good
-0.011745334966597859,463,Fair
-1.0684890108260776,493,Fair
-0.8204146809041781,781,Very Good
0.7262978672209753,622,Good
-0.5220192235603985,531,Fair
-1.7253121477011428,676,Good
-1.0790829323885787,640,Good
-1.3686501217636076,638,Good
-0.6535604162947866,625,Good
-0.6297240927791592,631,Good
0.713055465267849,605,Good
-1.0428870337167002,418,Fair
1.8342454972992102,646,Good
-0.6226614784041584,630,Good
0.4676296157365747,678,Good
-0.17771677277911432,618,Good
0.03239600487715652,646,Good
0.6795080469865957,480,Fair
1.258642425736653,899,Very Good
0.8481279651897374,612,Good
1.5844055137835604,544,Fair
-1.0764344519979534,638,Good
1.8245344025335841,514,Fair
1.8104091737835828,528,Fair
-0.7824531286385493,630,Good
-0.7462572299666708,629,Good
-0.5926453673104055,625,Good
0.9055117069866182,675,Good
1.789221330658581,504,Fair
-0.5511525078572764,653,Good
-0.0011514134040968072,668,Good
-0.5935281941072806,630,Good
1.3513392394085373,647,Good
1.813057654174208,527,Fair
-0.006448374185347333,548,Fair
-0.5493868542635262,442,Fair
-0.537027279107275,422,Fair
0.24250878253342736,638,Good
-1.1655999584823373,638,Good
-1.3112663799667268,676,Good
0.12067868456466528,623,Good
-1.0852627199667044,507,Fair
-1.203561510747966,638,Good
-1.7076556117636412,664,Good
-0.08855126629473048,731,Very Good
-1.6979445169980152,683,Good
1.5173106772210538,712,Very Good
1.2515798113616525,899,Very Good
-0.7921642234041752,627,Good
0.44909025300219785,521,Fair
1.7768617555023296,558,Fair
-0.7162411188729177,625,Good
-0.5855827529354048,627,Good
-0.21832680543536837,689,Good
-0.5794029653572792,627,Good
0.8278229488616105,637,Good
-1.0464183409042005,555,Fair
0.05005254081465827,390,LOW
-0.849547965201056,628,Good
-1.7147182261386418,625,Good
-0.5158394359822729,423,Fair
-1.6794051542636383,675,Good
-0.5034798608260217,899,Very Good
0.47910636409595087,681,Good
-0.6641543378572876,631,Good
-1.5099024092636215,639,Good
0.05711515518965898,677,Good
0.0014970669865284555,623,Good
1.3319170498772854,624,Good
0.773087687455355,899,Very Good
0.4111287007365691,899,Very Good
-0.7877500894197998,629,Good
1.8298313633148346,454,Fair
1.2780646152679052,899,Very Good
-1.0331759389510742,559,Fair
1.106796216674138,688,Good
0.05623232839278389,645,Good
-0.013510988560348033,635,Good
0.6803908737834709,899,Very Good
1.7053527849554475,643,Good
0.5532638150334582,899,Very Good
1.639140775189816,510,Fair
0.7898613965959816,469,Fair
0.7068756776897235,605,Good
0.007676854564654069,420,Fair
-1.4851832589511191,686,Good
0.07477169112716073,545,Fair
0.012973815345904595,616,Good
-0.7303663476229192,625,Good
0.06682624995528494,552,Fair
-1.0879112003573297,701,Very Good
1.2930726708147815,595,Fair
1.5667489778460588,899,Very Good
1.7945182914398314,543,Fair
1.083842719955386,674,Good
0.5232477039397052,432,Fair
-0.040878619263475746,709,Very Good
0.7748533410491052,607,Good
-1.213272605513592,639,Good
-1.061426396451077,506,Fair
-0.5696918705916533,628,Good
-1.5240276380136228,638,Good
-1.5178478504354973,676,Good
0.04298992643965757,511,Fair
-0.02675339051347435,650,Good
1.3036665923772826,605,Good
-0.5794029653572792,627,Good
1.0679518376116344,544,Fair
-1.2009130303573408,675,Good
-0.7233037332479184,625,Good
-1.0340587657479492,556,Fair
-1.050832474888576,530,Fair
-1.4966600073104952,690,Good
-0.9493073932479409,481,Fair
-0.5652777366072778,652,Good
-1.090559680747955,674,Good
-0.7621481123104223,628,Good
0.97525502393975,675,Good
-0.7224209064510434,625,Good
0.0694747303459102,435,Fair
-1.4807691249667436,638,Good
-0.8742671155135584,627,Good
-0.1088562826228575,618,Good
-0.5829342725447796,627,Good
1.3548705465960378,655,Good
1.7062356117523225,519,Fair
-0.6261927855916588,629,Good
0.004145547377153718,452,Fair
1.0591235696428833,682,Good
0.05976363558028424,440,Fair
0.020036429720905295,453,Fair
0.26457945245530456,638,Good
-1.030527458560449,606,Good
-0.6103019032479072,627,Good
-0.6147160372322826,630,Good
1.0220448441741297,546,Fair
1.4422703994866715,523,Fair
0.7872129162053564,609,Good
-0.5255505307478988,478,Fair
-0.6014736352791564,627,Good
-0.5811686189510293,628,Good
-0.8018753181698013,627,Good
-0.8548449259823065,630,Good
-0.11945020418535854,512,Fair
0.037692965658407046,605,Good
-0.07619169113847925,801,Very Good
0.9090430141741185,674,Good
-0.47258092293539355,733,Very Good
0.46233265495532416,631,Good
-1.5575750562948762,688,Good
1.4767006445647999,629,Good
0.18777352112717194,638,Good
-0.7365461352010447,643,Good
1.8289485365179596,564,Fair
1.8263000561273344,587,Fair
-0.7365461352010447,643,Good
1.3672301217522889,455,Fair
1.0582407428460083,688,Good
-1.1161616578573323,691,Good
-1.5734659386386278,674,Good
-0.7347804816072946,632,Good
-0.024987736919724172,517,Fair
-0.8424853508260552,497,Fair
-1.0181678834041976,645,Good
-0.699467409732291,626,Good
-1.6573344843417612,677,Good
1.165945612064769,680,Good
-1.2582967721542215,676,Good
-0.09737953426348135,678,Good
1.0776629323772602,672,Good
-0.6032392888729066,626,Good
-0.9440104324666904,542,Fair
0.097725187845913,498,Fair
-0.68887348816979,626,Good
-0.44697894582601605,899,Very Good
-0.9413619520760651,644,Good
-0.43726785106039007,626,Good
-0.9131114945760623,441,Fair
0.037692965658407046,605,Good
-1.0737859716073281,638,Good
-0.6544432430916616,628,Good
0.28841577597093193,638,Good
-0.3428053837947557,699,Good
-0.3277973282478792,592,Fair
-0.6403180143416602,628,Good
-1.0367072461385745,632,Good
1.8271828829242094,513,Fair
0.4384963314396968,430,Fair
-0.18301373356036485,541,Fair
-0.5326131451228996,501,Fair
-1.0958566415292055,577,Fair
-0.556449468638527,457,Fair
1.2321576218304005,545,Fair
0.43319937065844627,498,Fair
-1.3818925237167339,675,Good
0.35992474651781403,899,Very Good
-1.1947332427792152,640,Good
-1.6352638144198839,638,Good
0.8225259880803599,478,Fair
0.4455589458146975,564,Fair
-1.364235987779232,675,Good
0.15687458323654388,438,Fair
0.4340821974553214,547,Fair
-0.8839782102791844,627,Good
-1.0676061840292026,638,Good
-0.3242660210603789,485,Fair
-0.7312491744197942,625,Good
1.539381347142931,654,Good
-1.0561294356698265,616,Good
-0.7480228835604209,626,Good
1.216266739486649,638,Good
-1.5778800726230033,675,Good
0.6689141254240947,899,Very Good
0.4376135046428217,431,Fair
-0.6050049424666567,626,Good
1.2807130956585304,676,Good
1.6232498928460644,614,Good
1.4510986674554223,899,Very Good
1.3707614289397894,440,Fair
-1.0649577036385773,477,Fair
-1.6714597130917626,676,Good
-0.8857438638729346,547,Fair
0.07653734472091091,592,Fair
1.6303125072210651,396,LOW
-0.6932876221541655,630,Good
0.07477169112716073,545,Fair
1.700938650971072,899,Very Good
-0.687990661372915,626,Good
-1.0464183409042005,555,Fair
0.15952306362716914,369,LOW
0.42348827589282034,419,Fair
-1.0667233572323276,606,Good
-0.9448932592635655,675,Good
-1.2503513309823457,677,Good
-0.8875095174666847,630,Good
1.5535065758929325,899,Very Good
1.8051122130023325,399,LOW
1.8307141901117097,513,Fair
1.2886585368304062,541,Fair
-1.0155194030135724,444,Fair
-0.9572528344198167,558,Fair
-1.3774783897323584,638,Good
0.34226821058031226,899,Very Good
-0.4902374588728953,899,Very Good
0.43319937065844627,498,Fair
1.813940480971083,420,Fair
-1.6626314451230118,675,Good
-1.4525186674667407,681,Good
-0.2607024916853726,704,Very Good
-0.5317303183260245,440,Fair
0.43143371706469613,473,Fair
-1.5602235366855015,543,Fair
-0.19802178910724133,675,Good
-0.23774899496662028,690,Good
-1.413674288404237,682,Good
1.7141810529241983,632,Good
0.07565451792403581,466,Fair
0.4252539294865705,432,Fair
1.4122542883929183,478,Fair
0.21602397862717473,639,Good
-1.2883128832479744,638,Good
-0.5211363967635234,418,Fair
1.670922539877319,463,Fair
-0.019690776138473646,406,Fair
1.5367328667523057,660,Good
-0.3066094851228771,659,Good
1.8245344025335841,514,Fair
-0.1927248283259908,587,Fair
-0.788632916216675,634,Good
0.5126537823772042,395,LOW
-0.7303663476229192,625,Good
-1.0093396154354468,678,Good
0.148046315267793,431,Fair
-0.6085362496541571,630,Good
-0.5352616255135249,432,Fair
1.3107292067522833,537,Fair
-0.5334959719197746,441,Fair
1.3001352851897823,515,Fair
-0.6606230306697872,628,Good
0.46586396214282455,553,Fair
0.2601653184709291,638,Good
1.587936820971061,543,Fair
-1.0367072461385745,632,Good
-0.7277178672322939,630,Good
-0.3163205798885031,544,Fair
-1.4172055955917373,732,Very Good
0.4190741419084449,429,Fair
-1.201795857154216,676,Good
0.1604058904240442,479,Fair
-1.0861455467635794,467,Fair
-0.78951574301355,628,Good
-0.5688090437947781,630,Good
1.7777445822992046,559,Fair
1.598530742533562,426,Fair
-1.1249899258260834,677,Good
-0.6217786516072834,629,Good
-0.6359038803572847,626,Good
-0.597942328091656,632,Good
1.699172997377322,899,Very Good
1.5817570333929352,429,Fair
1.1323981937835157,677,Good
-1.1541232101229613,640,Good
-0.8645560207479325,626,Good
-0.5882312333260301,626,Good
0.43319937065844627,498,Fair
-1.1797251872323387,638,Good
0.9602469683928736,543,Fair
0.41995696870531996,420,Fair
-1.040238553326075,564,Fair
0.6468434555022174,899,Very Good
-0.7533198443416714,628,Good
-1.162951478091712,626,Good
0.017387949330280032,425,Fair
0.9637782755803739,664,Good
0.0694747303459102,435,Fair
-1.5699346314511275,638,Good
-0.6041221156697816,631,Good
1.3142605139397836,605,Good
0.05711515518965898,677,Good
-1.0764344519979534,638,Good
-0.9051660534041865,499,Fair
1.589702474564811,574,Fair
0.4552700405803235,390,LOW
1.5808742065960601,544,Fair
1.801580905814832,474,Fair
0.17276546558029546,510,Fair
-0.5820514457479045,625,Good
-0.7427259227791704,497,Fair
1.1085618702678883,679,Good
-0.5811686189510293,628,Good
1.6956416901898215,673,Good
-0.13445825973223505,494,Fair
-0.6544432430916616,628,Good
1.094436641517887,674,Good
0.5320759719084561,532,Fair
-0.5997079816854062,627,Good
-1.5725831118417528,675,Good
-1.7120697457480165,551,Fair
-0.6420836679354104,629,Good
0.3837610700334414,899,Very Good
1.6859305954241957,495,Fair
-0.9846204651229444,542,Fair
-1.1294040598104587,677,Good
-0.35428213215413185,606,Good
1.4793491249554251,619,Good
1.3327998766741604,639,Good
1.0979679487053873,674,Good
0.38464389683031647,645,Good
-1.2953754976229752,676,Good
0.4764578837053256,679,Good
-0.5988251548885312,626,Good
-0.6694512986385381,630,Good
-0.10091084145098171,703,Very Good
0.6221243051897151,899,Very Good
-1.0137537494198223,647,Good
1.7830415430804551,542,Fair
0.4455589458146975,564,Fair
1.1774223604241452,676,Good
-0.5882312333260301,626,Good
-0.7771561678572988,627,Good
-1.0375900729354497,557,Fair
0.20278157667404842,638,Good
1.2418687165960265,638,Good
1.2189152198772744,544,Fair
1.4352077851116707,634,Good
1.8077606933929578,527,Fair
1.799815252221082,455,Fair
-1.5902396477792544,675,Good
0.03239600487715652,646,Good
-1.0481839944979507,561,Fair
-0.6676856450447879,630,Good
0.4826376712834512,696,Good
0.8295886024553606,637,Good
-1.2291634878573436,638,Good
-1.7367888960605191,638,Good
-0.8769155959041837,626,Good
0.4261367562834456,432,Fair
-0.7436087495760455,625,Good
1.5473267883148067,617,Good
-0.020573602935348736,436,Fair
0.3625732269084393,899,Very Good
0.6565545502678435,607,Good
-0.808937932544802,628,Good
-0.8160005469198026,552,Fair
-0.5741060045760287,625,Good
-0.03823013887285048,573,Fair
-1.5284417719979984,674,Good
-1.0667233572323276,606,Good
-1.0534809552792013,643,Good
-1.2662422133260973,638,Good
1.5835226869866854,527,Fair
1.3840038308929157,464,Fair
0.812814893314734,637,Good
1.3124948603460336,431,Fair
-0.567926216997903,628,Good
0.4437932922209473,711,Very Good
-0.5379101059041501,458,Fair
0.45703569417407364,410,Fair
0.005911200970903894,659,Good
1.7662678339398286,625,Good
-1.365118814576107,638,Good
1.7627365267523283,832,Very Good
0.7907442233928568,637,Good
0.28576729558030667,638,Good
1.1491719029241423,638,Good
-0.83983687043543,628,Good
0.038575792455282136,604,Good
1.5429126543304315,676,Good
1.5870539941741857,543,Fair
-0.7224209064510434,625,Good
-0.8725014619198083,626,Good
1.801580905814832,474,Fair
0.026216217299030908,596,Fair
-0.38959520402913533,586,Fair
0.4208397955021951,569,Fair
1.5437954811273065,634,Good
0.0553495015959088,558,Fair
0.8649016743303641,674,Good
1.813940480971083,420,Fair
-0.68887348816979,626,Good
-1.655568830748011,625,Good
0.43143371706469613,473,Fair
-0.5502696810604013,507,Fair
-0.22009245902911853,689,Good
-0.8539620991854314,627,Good
-0.28100750801349955,468,Fair
-0.6226614784041584,630,Good
0.7342433083928511,621,Good
-0.8151177201229276,630,Good
-1.3342198766854791,680,Good
0.6132960372209642,899,Very Good
0.01827077612715512,528,Fair
0.9019803997991178,675,Good
-1.0755516252010784,513,Fair
1.286892883236656,544,Fair
-0.9969800402791956,687,Good
1.813057654174208,527,Fair
0.36433888050218943,817,Very Good
1.337214010658536,501,Fair
-0.24746008973224626,628,Good
-1.0428870337167002,418,Fair
0.4261367562834456,432,Fair
-0.6341382267635346,630,Good
0.02886469768965617,535,Fair
1.5340843863616804,875,Very Good
0.003262720580278631,365,LOW
-0.6359038803572847,626,Good
-0.618247344419783,626,Good
-1.241523063013595,681,Good
0.4729265765178252,621,Good
-0.6500291091072862,625,Good
0.3201975406584351,638,Good
-1.0552466088729513,616,Good
1.8104091737835828,528,Fair
1.833362670502335,444,Fair
-0.8733842887166834,628,Good
0.44114481183032206,423,Fair
0.3537449589396884,865,Very Good
-1.4860660857479941,687,Good
-0.37546997527913395,430,Fair
1.4828804321429254,899,Very Good
-0.6208958248104083,639,Good
1.1218042722210146,687,Good
0.3413853837834372,599,Fair
-0.6164816908260329,631,Good
-0.43903350465414026,899,Very Good
0.5258961843303305,420,Fair
-0.7162411188729177,625,Good
0.0906625734709123,589,Fair
-0.6297240927791592,631,Good
1.155351690502268,675,Good
-1.6847021150448889,637,Good
-0.2712964132478736,575,Fair
-1.0843798931698292,508,Fair
0.29989252433030805,637,Good
-0.5723403509822785,626,Good
-1.0790829323885787,640,Good
-0.5273161843416491,563,Fair
-1.5293245987948734,674,Good
-0.41078304715413744,641,Good
0.6406636679240919,899,Very Good
0.45791852097094876,477,Fair
0.04298992643965757,511,Fair
-0.37370432168538376,580,Fair
0.793392703783482,606,Good
0.4190741419084449,429,Fair
1.7742132751117043,559,Fair
1.3283857426897852,640,Good
-0.6129503836385325,628,Good
-0.45315873340414164,899,Very Good
1.0485296480803823,683,Good
1.801580905814832,474,Fair
-0.36752453410725816,595,Fair
-1.050832474888576,530,Fair
0.7236493868303501,621,Good
0.006794027767778981,661,Good
-0.5846999261385297,625,Good
0.41466000792406943,899,Very Good
-0.6085362496541571,630,Good
-0.5776373117635291,627,Good
0.6194758247990898,642,Good
0.3590419197209389,899,Very Good
1.2630565597210286,899,Very Good
-1.102036429107331,640,Good
0.4384963314396968,430,Fair
1.1129760042522638,638,Good
0.864018847533489,674,Good
1.8263000561273344,587,Fair
-0.16977133160723853,616,Good
-0.012628161763472945,401,Fair
1.539381347142931,654,Good
-1.3386340106698544,675,Good
-1.4163227687948623,675,Good
-0.83983687043543,628,Good
-1.4666438962167423,638,Good
1.8068778665960825,547,Fair
-1.0190507102010729,666,Good
-0.8857438638729346,547,Fair
-1.0649577036385773,477,Fair
1.7971667718304567,545,Fair
1.7080012653460728,507,Fair
-1.5743487654355028,626,Good
-0.2571711844978722,704,Very Good
0.5700375241740848,899,Very Good
0.027981870892781084,397,LOW
-0.7612652855135472,628,Good
-0.5794029653572792,627,Good
-0.8027581449666763,627,Good
1.5226076380023044,791,Very Good
-0.6103019032479072,627,Good
1.2427515433929015,638,Good
-0.10002801465410661,660,Good
1.054709435658508,685,Good
0.7536654979241031,626,Good
0.044755580033407745,562,Fair
1.7971667718304567,545,Fair
1.4051916740179178,507,Fair
-0.5590979490291522,520,Fair
1.135929500971016,675,Good
0.4693952693303249,543,Fair
-0.5758716581697788,627,Good
-1.415439941997987,684,Good
1.4343249583147957,649,Good
0.023567736908405645,534,Fair
-1.0667233572323276,606,Good
-1.2786017884823486,625,Good
-1.2353432754354692,677,Good
1.4758178177679246,635,Good
1.8024637326117072,402,Fair
-0.3798841092635094,705,Very Good
-0.36046191973225744,557,Fair
-1.6643970987167618,625,Good
-1.0887940271542047,725,Very Good
1.7803930626898299,520,Fair
-0.7321320012166693,626,Good
0.9681924095647494,546,Fair
-0.012628161763472945,401,Fair
0.8516592723772378,899,Very Good
-0.7418430959822953,626,Good
-1.1099818702792068,675,Good
-0.38341541645100974,484,Fair
0.024450563705280735,619,Good
0.3758156288615656,899,Very Good
1.688579075814821,436,Fair
-0.6297240927791592,631,Good
-1.3474622786386055,685,Good
0.2681107596428049,637,Good
0.551498161439708,899,Very Good
-1.0684890108260776,493,Fair
-1.012870922622947,646,Good
1.790986984252331,400,LOW
-1.0164022298104476,622,Good
-1.1364666741854594,701,Very Good
0.2734077204240554,497,Fair
-0.5582151222322771,655,Good
0.02533339050215582,456,Fair
-0.2916014295760006,447,Fair
-0.11238758981035785,613,Good
0.47998919089282593,681,Good
-0.08590278590410522,652,Good
1.7697991411273288,899,Very Good
-0.68887348816979,626,Good
0.030630351283406347,473,Fair
1.2710020008929044,899,Very Good
-0.5758716581697788,627,Good
-0.6350210535604097,630,Good
-0.7444915763729205,626,Good
0.4667467889396996,544,Fair
-0.28453881520099994,514,Fair
-1.5717002850448776,675,Good
-0.2218581126228687,705,Very Good
1.7742132751117043,559,Fair
-0.5158394359822729,423,Fair
-0.031167524497849784,558,Fair
0.8622531939397389,542,Fair
-0.8407196972323051,628,Good
-1.3951349256698602,675,Good
0.017387949330280032,425,Fair
0.9884974258928764,675,Good
-0.03823013887285048,573,Fair
1.7848071966742054,509,Fair
-0.7745076874666735,628,Good
-0.7418430959822953,626,Good
0.07300603753341055,612,Good
-0.687990661372915,626,Good
-1.4454560530917402,638,Good
-1.0490668212948258,564,Fair
0.692750448939722,605,Good
-1.0552466088729513,616,Good
1.2904241904241562,543,Fair
-0.017925122544723473,436,Fair
-1.1338181937948342,628,Good
-0.989917425904195,543,Fair
-1.5355043863729991,676,Good
0.002379893783403543,565,Fair
-0.5758716581697788,627,Good
-1.5134337164511218,687,Good
0.4482074262053228,675,Good
0.054466674799033714,606,Good
0.47204374972095015,642,Good
-1.0649577036385773,477,Fair
1.6126559712835633,447,Fair
1.0264589781585052,674,Good
-0.6615058574666624,628,Good
1.3760583897210399,605,Good
1.1076790434710133,677,Good
0.1401008740959172,645,Good
-0.5891140601229051,628,Good
1.2851272296429057,675,Good
-0.6977017561385409,626,Good
-1.6229042392636328,676,Good
-1.6741081934823878,677,Good
-0.0011514134040968072,668,Good
-1.1452949421542102,638,Good
-1.4110258080136118,679,Good
-0.5635120830135276,679,Good
0.480872017689701,596,Fair
0.6168273444084645,624,Good
1.3848866576897907,624,Good
-1.0084567886385718,608,Good
0.7783846482366056,478,Fair
-0.3216175406697536,448,Fair
0.17541394597092072,421,Fair
1.2250950074554,679,Good
0.4667467889396996,544,Fair
-1.0746687984042034,528,Fair
0.4464417726115726,477,Fair
0.03945861925215722,609,Good
0.037692965658407046,605,Good
-0.6191301712166581,631,Good
-1.0958566415292055,577,Fair
0.35815909292406384,899,Very Good
-0.3745871484822589,700,Good
0.18865634792404704,639,Good
0.32284602104906035,495,Fair
-0.46993244254476835,899,Very Good
-0.021456429732223822,406,Fair
-0.6341382267635346,630,Good
1.5923509549554362,557,Fair
0.13392108651779158,546,Fair
-0.7356633084041697,625,Good
1.5738115922210594,899,Very Good
-0.01880794934159856,551,Fair
0.11361607018966458,489,Fair
-0.6871078345760399,480,Fair
-0.5246677039510238,421,Fair
-0.7480228835604209,626,Good
0.32726015503343575,638,Good
-0.02940187090409961,613,Good
-1.3571733734042313,689,Good
-0.5908797137166554,630,Good
0.44114481183032206,423,Fair
-1.3871894844979844,667,Good
1.2127354322991486,638,Good
-0.7524370175447963,626,Good
0.3449166909709375,899,Very Good
-0.8619075403573072,625,Good
-0.5114253019978975,899,Very Good
-1.69529603660739,674,Good
-1.0826142395760792,522,Fair
1.813940480971083,420,Fair
-0.2298035537947445,704,Very Good
-1.2688906937167226,675,Good
0.005028374174028806,528,Fair
-0.4796435373103943,899,Very Good
-0.15829458324786239,659,Good
-0.517605089576023,406,Fair
-0.5352616255135249,432,Fair
0.24339160933030246,637,Good
0.02180208331465547,456,Fair
-0.5211363967635234,418,Fair
-0.6332553999666595,631,Good
0.23456334136155157,638,Good
1.3301513962835352,607,Good
0.5303103183147059,580,Fair
1.7750961019085794,547,Fair
1.3204403015179094,553,Fair
-0.506128341216647,899,Very Good
-0.9025175730135613,604,Good
1.3928320988616665,605,Good
-1.0499496480917008,556,Fair
-0.02940187090409961,613,Good
-0.5361444523103999,436,Fair
-0.29248425637287573,513,Fair
1.6444377359710665,573,Fair
-0.8636731939510573,628,Good
0.4729265765178252,621,Good
-1.011988095826072,645,Good
-0.5317303183260245,440,Fair
-0.5255505307478988,478,Fair
-0.6350210535604097,630,Good
-0.4346193706697648,633,Good
0.3705186680803151,899,Very Good
-0.9484245664510658,503,Fair
0.47910636409595087,681,Good
-1.6237870660605078,676,Good
1.12445275261164,676,Good
-0.7533198443416714,628,Good
-0.012628161763472945,401,Fair
0.4976457268303277,453,Fair
-0.08943409309160556,594,Fair
-0.627958439185409,625,Good
-1.0216991905916981,628,Good
-0.7286006940291689,625,Good
0.4729265765178252,621,Good
-0.395774991607261,568,Fair
-0.8751499423104335,676,Good
1.5234904647991794,876,Very Good
0.30342383151780844,637,Good
0.10920193620528915,627,Good
1.801580905814832,474,Fair
-0.6588573770760371,625,Good
1.0202791905803796,542,Fair
1.7874556770648307,467,Fair
1.1712425728460196,667,Good
-1.3589390269979815,638,Good
0.3819954164396912,899,Very Good
-1.2600624257479718,640,Good
1.7962839450335815,429,Fair
-1.584942686998004,674,Good
-0.78951574301355,628,Good
0.08713126628341195,553,Fair
-0.7903985698104251,626,Good
-1.7111869189511415,625,Good
0.17453111917404562,369,LOW
-0.9669639291854426,515,Fair
1.5120137164398033,899,Very Good
1.8218859221429589,807,Very Good
0.35639343933031364,899,Very Good
1.2957211512054068,603,Good
0.5559122954240835,899,Very Good
1.5323187327679304,876,Very Good
0.49941138042407784,692,Good
-0.06648059637285329,644,Good
-0.4558072137947669,636,Good
0.3051894851115586,637,Good
-1.5796457262167534,676,Good
-1.0826142395760792,522,Fair
1.4290279975335451,604,Good
0.0014970669865284555,623,Good
-0.1450521812947361,615,Good
0.430550890267821,409,Fair
-1.0464183409042005,555,Fair
-1.063192050044827,480,Fair
0.8578390599553635,675,Good
-0.45845569418539217,899,Very Good
0.9099258409709936,542,Fair
-0.8981034390291858,527,Fair
1.2648222133147788,899,Very Good
-0.8274772952791788,506,Fair
1.1306325401897654,690,Good
-1.5708174582480026,675,Good
-0.6932876221541655,630,Good
-0.5820514457479045,625,Good
-0.7789218214510489,502,Fair
-0.7453744031697956,625,Good
1.587936820971061,543,Fair
0.3104864458928091,637,Good
1.3795896969085402,484,Fair
1.649734696752317,464,Fair
0.3881752040178168,660,Good
0.9770206775335002,674,Good
-0.011745334966597859,463,Fair
-0.950190220044816,521,Fair
-0.6067705960604068,626,Good
-0.819531854107303,554,Fair
1.739783030033576,487,Fair
-1.0552466088729513,616,Good
1.6064761837054378,413,Fair
-0.5237848771541487,395,LOW
-0.5149566091853978,421,Fair
1.760970873158578,623,Good
0.31490057987718456,639,Good
-0.7762733410604237,626,Good
-0.01880794934159856,551,Fair
-0.4708152693416434,620,Good
-0.44521329223226586,621,Good
1.2506969845647773,899,Very Good
-0.3586962661385073,611,Good
-0.7347804816072946,632,Good
0.8207603344866098,605,Good
-0.22892072699786942,603,Good
-0.9431276056698152,638,Good
-0.4522759066072666,899,Very Good
1.4528643210491725,624,Good
-0.014393815357223122,545,Fair
-0.02587056371659926,441,Fair
0.1771795995646709,608,Good
1.8086435201898325,421,Fair
1.801580905814832,474,Fair
-0.637669533951035,628,Good
1.7821587162835801,542,Fair
0.6336010535490911,492,Fair
-0.02940187090409961,613,Good
-1.079965759185454,581,Fair
1.8289485365179596,564,Fair
-1.0852627199667044,507,Fair
-0.29778121715412625,536,Fair
0.42348827589282034,419,Fair
1.3195574747210341,534,Fair
0.006794027767778981,661,Good
0.06329494276778459,549,Fair
1.8368939776898354,547,Fair
0.8463623115959873,822,Very Good
-0.5414414130916504,573,Fair
0.007676854564654069,420,Fair
0.41554283472094455,676,Good
1.5473267883148067,617,Good
0.7077585044865985,605,Good
1.1103275238616386,676,Good
-0.7365461352010447,643,Good
-1.5964194353573802,682,Good
-0.5255505307478988,478,Fair
-0.39665781840413605,497,Fair
-0.6341382267635346,630,Good
0.9028632265959929,543,Fair
1.4254966903460446,611,Good
-1.0367072461385745,632,Good
1.3751755629241647,606,Good
-0.7789218214510489,502,Fair
-0.6261927855916588,629,Good
-1.3253916087167281,629,Good
0.2416259557365523,638,Good
-0.9360649912948146,492,Fair
1.609124664096063,637,Good
-1.050832474888576,530,Fair
-1.273304827701098,678,Good
-1.2265150074667184,638,Good
-1.3916036184823597,683,Good
-0.849547965201056,628,Good
0.26104814526780423,638,Good
-0.8442510044198055,625,Good
-0.6659199914510378,629,Good
-1.525793291607373,638,Good
-0.5087768216072722,899,Very Good
-0.6932876221541655,630,Good
1.5137793700335536,884,Very Good
-0.3666417073103831,609,Good
1.22686066104915,675,Good
0.5126537823772042,395,LOW
0.02091925651778038,619,Good
1.1394608081585165,686,Good
0.05976363558028424,440,Fair
-0.0514725408259768,556,Fair
1.195078896361647,638,Good
0.4164256615178196,684,Good
1.4246138635491696,608,Good
-0.8548449259823065,630,Good
-0.8107035861385521,630,Good
-0.7789218214510489,502,Fair
-0.7012330633260413,629,Good
0.026216217299030908,596,Fair
-1.727960628091768,675,Good
-0.44874459941976624,899,Very Good
0.47998919089282593,681,Good
1.6788679810491949,398,LOW
-0.01086250816972277,506,Fair
-1.212389778716717,638,Good
1.5641004974554336,899,Very Good
0.42172262229907015,399,LOW
0.022684910111530558,592,Fair
-0.699467409732291,626,Good
-0.2430459557478708,898,Very Good
-0.5723403509822785,626,Good
-0.7197724260604181,625,Good
-0.012628161763472945,401,Fair
-1.092325334341705,572,Fair
0.4685124425334498,643,Good
-0.7197724260604181,625,Good
1.105030563080388,543,Fair
1.3169089943304089,428,Fair
0.05888080878340915,426,Fair
0.07388886433028564,555,Fair
-1.202678683951091,682,Good
-1.3368683570761044,677,Good
-0.6659199914510378,629,Good
-0.7515541907479213,629,Good
1.6329609876116904,429,Fair
1.5543894026898075,899,Very Good
-1.0896768539510797,513,Fair
-1.0543637820760763,512,Fair
1.3628159877679136,460,Fair
1.5914681281585612,515,Fair
-1.0649577036385773,477,Fair
-0.01086250816972277,506,Fair
-0.5926453673104055,625,Good
-0.5944110209041557,631,Good
0.6362495339397164,606,Good
0.046521233627157925,476,Fair
0.43584785104907153,429,Fair
-0.16006023684161258,659,Good
1.4157855955804188,478,Fair
1.5031854484710525,691,Good
0.26281379886155437,641,Good
1.549975268705432,648,Good
-1.534621559576124,665,Good
0.2319148609709263,637,Good
0.43584785104907153,429,Fair
1.7848071966742054,509,Fair
-0.8636731939510573,628,Good
-0.6959361025447908,627,Good
1.5005369680804272,670,Good
0.1197958577677902,622,Good
0.19571896229904773,638,Good
-0.7330148280135445,626,Good
-0.244811609341621,607,Good
1.4563956282366728,614,Good
1.7653850071429535,622,Good
1.1606486512835186,638,Good
0.5161850895647045,422,Fair
-0.8151177201229276,630,Good
0.008559681361529157,490,Fair
0.7677907266741045,709,Very Good
1.7150638797210735,409,Fair
-0.04617558004472627,625,Good
-0.7542026711385466,627,Good
1.7433143372210762,528,Fair
-1.0552466088729513,616,Good
1.1606486512835186,638,Good
-0.3472195177791311,455,Fair
1.2939554976116567,647,Good
-0.3092579655135024,642,Good
0.4393791582365719,399,LOW
0.054466674799033714,606,Good
-1.5672861510605023,675,Good
-0.7859844358260497,643,Good
-0.627958439185409,625,Good
0.8922693050334919,675,Good
-1.3359855302792292,638,Good
1.800698079017957,464,Fair
1.3045494191741578,375,LOW
0.9567156612053732,681,Good
0.8454794847991122,638,Good
1.5305530791741802,612,Good
-0.7171239456697929,627,Good
-1.3810096969198586,638,Good
-0.6261927855916588,629,Good
1.670039713080444,439,Fair
-0.6394351875447851,627,Good
-0.43285371707601467,899,Very Good
1.2824787492522804,542,Fair
-1.5231448112167478,638,Good
1.4440360530804215,613,Good
-1.0428870337167002,418,Fair
0.48175484448657613,679,Good
-1.0773172787948286,640,Good
-0.03823013887285048,573,Fair
1.0193963637835044,674,Good
-1.5072539288729963,638,Good
1.8051122130023325,399,LOW
1.0379357265178812,542,Fair
-0.68887348816979,626,Good
-0.7056471973104167,628,Good
-0.5440898934822757,452,Fair
0.6238899587834652,678,Good
0.1197958577677902,622,Good
-0.5440898934822757,452,Fair
0.8013381449553578,478,Fair
1.7653850071429535,622,Good
0.11714737737716494,899,Very Good
-1.1082162166854566,638,Good
1.5914681281585612,515,Fair
-0.4716980961385185,899,Very Good
-0.6447321483260356,626,Good
-0.030284697700974698,413,Fair
0.044755580033407745,562,Fair
-1.6025992229355057,638,Good
1.1933132427678967,544,Fair
-0.517605089576023,406,Fair
-0.920174108951063,606,Good
-0.7224209064510434,625,Good
-0.34810234457600625,562,Fair
0.5153022627678294,464,Fair
0.11449889698653967,836,Very Good
-1.0093396154354468,678,Good
0.05711515518965898,677,Good
0.12156151136154036,623,Good
0.8119320665178589,638,Good
1.8263000561273344,587,Fair
1.347807932221037,565,Fair
0.027981870892781084,397,LOW
-0.5264333575447739,558,Fair
0.47204374972095015,642,Good
-1.0843798931698292,508,Fair
-1.1991473767635907,678,Good
-0.9660811023885676,609,Good
0.6812737005803459,899,Very Good
-0.5299646647322743,403,Fair
-0.23863182176349537,689,Good
-0.6977017561385409,626,Good
-0.73919461559167,625,Good
-0.3586962661385073,611,Good
0.5197163967522048,685,Good
-0.6597402038729121,626,Good
0.8587218867522385,544,Fair
1.348690759017912,582,Fair
-0.5149566091853978,421,Fair
0.4323165438615712,513,Fair
0.03592731206465687,519,Fair
0.29371273675218246,638,Good
0.013856642142779681,527,Fair
-0.9528387004354413,690,Good
-0.900751919419811,447,Fair
1.2921898440179065,429,Fair
1.497888487689802,899,Very Good
-0.7286006940291689,625,Good
-1.5416841739511247,679,Good
-0.2871872955916252,515,Fair
-1.131169713404209,625,Good
-1.6988273437948902,681,Good
-0.3436882105916308,694,Good
1.3230887819085346,375,LOW
-0.7347804816072946,632,Good
0.37140149487719015,899,Very Good
1.5446783079241815,667,Good
0.4376135046428217,431,Fair
-0.6244271319979087,626,Good
-0.4920031124666455,899,Very Good
-1.1391151545760847,640,Good
-0.09914518785723153,732,Very Good
-1.1867878016073394,626,Good
-1.0649577036385773,477,Fair
-0.5741060045760287,625,Good
-0.8301257756698041,479,Fair
1.799815252221082,455,Fair
1.0167478833928791,676,Good
-0.698584582935416,626,Good
1.8271828829242094,513,Fair
1.7812758894867051,545,Fair
-0.03999579246660066,663,Good
1.5561550562835578,899,Very Good
-1.052598128482326,566,Fair
0.01915360292403021,456,Fair
-0.017042295747848383,437,Fair
0.35197930534593824,899,Very Good
0.2557511844865537,637,Good
-0.7603824587166721,627,Good
1.6320781608148152,482,Fair
0.5055911680022035,422,Fair
-1.050832474888576,530,Fair
1.6515003503460672,493,Fair
0.002379893783403543,565,Fair
0.6344838803459663,478,Fair
-1.0243476709823234,626,Good
-1.0693718376229528,606,Good
1.8112920005804578,452,Fair
1.1147416578460139,666,Good
-0.3225003674666287,536,Fair
0.6247727855803403,624,Good
-0.6941704489510405,628,Good
1.7238921476898244,899,Very Good
-0.8716186351229331,627,Good
-1.343930971451105,681,Good
-0.7356633084041697,625,Good
-0.005565547388472245,502,Fair
0.026216217299030908,596,Fair
-0.7462572299666708,629,Good
-0.35251647856038165,607,Good
-0.5299646647322743,403,Fair
-1.0790829323885787,640,Good
0.01473946893965477,505,Fair
1.6347266412054404,459,Fair
-0.4690496157478932,899,Very Good
0.5956395012834624,606,Good
0.4482074262053228,675,Good
1.5817570333929352,429,Fair
-1.0446526873104502,561,Fair
0.27075924003343016,639,Good
-0.03911296566972557,704,Very Good
1.62942968042419,444,Fair
0.43143371706469613,473,Fair
-1.0367072461385745,632,Good
-1.614958798091757,637,Good
-0.6694512986385381,630,Good
-0.44079915824789045,899,Very Good
1.5402641739398062,558,Fair
1.8307141901117097,513,Fair
0.9390591252678715,676,Good
-1.5169650236386223,675,Good
0.995560040267877,543,Fair
-0.2774762008259992,576,Fair
-1.7359060692636439,638,Good
-0.6588573770760371,625,Good
-0.030284697700974698,413,Fair
1.7848071966742054,509,Fair
-0.9237054161385634,607,Good
0.5188335699553298,405,Fair
-0.15652892965411222,659,Good
0.03416165847090669,399,LOW
-1.4984256609042454,638,Good
-1.5884739941855044,638,Good
0.9673095827678743,676,Good
1.6011792229241872,616,Good
-0.7542026711385466,627,Good
1.7353688960492004,630,Good
-0.5290818379353992,515,Fair
1.459044108627298,882,Very Good
0.5126537823772042,395,LOW
-0.6809280469979142,382,LOW
1.386652311283541,642,Good
0.01915360292403021,456,Fair
1.5473267883148067,617,Good
0.9814348115178757,675,Good
1.7945182914398314,543,Fair
-0.07707451793535434,548,Fair
-0.00379989379472207,447,Fair
-1.4207369027792376,676,Good
1.7159467065179486,504,Fair
-0.5352616255135249,432,Fair
-0.567926216997903,628,Good
0.5188335699553298,405,Fair
-0.516722262779148,530,Fair
1.0158650565960041,676,Good
-1.0896768539510797,513,Fair
-0.7312491744197942,625,Good
0.9717237167522497,675,Good
-1.2203352198885928,666,Good
-1.3465794518417302,679,Good
-0.6588573770760371,625,Good
-1.2168039127010923,638,Good
-1.1373495009823344,638,Good
0.5135366091740793,422,Fair
-0.9952143866854455,676,Good
0.7916270501897319,637,Good
0.894034958627242,675,Good
-1.0578950892635766,412,Fair
-0.6288412659822841,630,Good
1.7839243698773304,546,Fair
-1.1188101382479576,638,Good
0.0412242728459074,443,Fair
-0.4946515928572708,899,Very Good
0.41201152753344417,899,Very Good
0.15157762245529335,532,Fair
0.4729265765178252,621,Good
0.19307048190842246,638,Good
-0.027636217310349435,558,Fair
-0.008214027779097507,587,Fair
-1.6034820497323807,674,Good
0.015622295736529858,617,Good
1.0255761513616302,542,Fair
-0.5546838150447767,472,Fair
1.2083212983147733,638,Good
-0.687990661372915,626,Good
0.6600858574553438,608,Good
-0.7400774423885451,626,Good
-0.36929018770100835,679,Good
0.5567951222209585,899,Very Good
-1.231811968247969,638,Good
1.8254172293304591,393,LOW
-1.2768361348885984,638,Good
0.2981268707365579,638,Good
-0.24039747535724554,897,Very Good
0.5197163967522048,685,Good
0.48352049808032627,680,Good
0.6053505960490884,606,Good
1.1527032101116428,899,Very Good
0.4755750569084505,663,Good
1.620601412455439,515,Fair
0.198367442689673,637,Good
-0.9996285206698209,639,Good
0.7404230959709768,608,Good
-1.6114274909042565,543,Fair
-0.5758716581697788,627,Good
-0.021456429732223822,406,Fair
-0.7762733410604237,626,Good
-0.9546043540291914,654,Good
-0.8645560207479325,626,Good
0.45880134776782383,441,Fair
-0.7444915763729205,626,Good
-0.8548449259823065,630,Good
-1.2106241251229668,638,Good
-1.081731412779204,642,Good
-0.637669533951035,628,Good
-0.6676856450447879,630,Good
1.8077606933929578,527,Fair
-1.5611063634823765,714,Very Good
0.27252489362718035,637,Good
1.5517409222991823,899,Very Good
-1.063192050044827,480,Fair
0.6547888966740932,899,Very Good
1.7415486836273262,509,Fair
0.04210709964278248,419,Fair
-1.6723425398886376,626,Good
1.799815252221082,455,Fair
0.47910636409595087,681,Good
1.246282850580402,899,Very Good
-1.6802879810605134,664,Good
1.5446783079241815,667,Good
-1.081731412779204,642,Good
1.6020620497210623,562,Fair
-0.8601418867635571,627,Good
-1.1779595336385886,638,Good
-0.6668028182479129,625,Good
-1.002277001060446,485,Fair
-0.3578134393416322,546,Fair
0.6353667071428414,590,Fair
1.814823307767958,807,Very Good
-0.030284697700974698,413,Fair
-1.2759533080917234,686,Good
0.3510964785490631,899,Very Good
-0.7312491744197942,625,Good
0.20543005706467368,638,Good
-0.2015530962947417,689,Good
-1.0093396154354468,678,Good
1.6453205627679415,596,Fair
-1.354524893013606,675,Good
1.8263000561273344,587,Fair
-1.1664827852792123,638,Good
1.8051122130023325,399,LOW
-1.112630350669832,676,Good
0.3961206451896926,673,Good
-1.081731412779204,642,Good
1.237454582611651,638,Good
-0.5440898934822757,452,Fair
0.9275823769084953,675,Good
-0.3993062987947613,706,Very Good
-1.464878242622992,663,Good
1.5799913797991851,543,Fair
-0.20420157668536695,675,Good
1.1191557918303894,639,Good
-0.08413713231035504,582,Fair
1.4413875726897962,532,Fair
1.2012586839397725,899,Very Good
-0.7903985698104251,626,Good
1.3787068701116652,451,Fair
1.3407453178460362,431,Fair
-0.5846999261385297,625,Good
-0.6288412659822841,630,Good
-0.8098207593416771,628,Good
-0.7065300241072918,629,Good
0.7245322136272252,621,Good
-0.7515541907479213,629,Good
-1.072020318013578,516,Fair
-0.5899968869197803,627,Good
0.8287057756584856,637,Good
-1.6749910202792628,676,Good
-0.5326131451228996,501,Fair
-0.5308474915291493,401,Fair
0.1047878022209137,589,Fair
1.438739092299171,479,Fair
-0.8566105795760567,630,Good
1.589702474564811,574,Fair
-0.10709062902910732,867,Very Good
-0.7021158901229163,627,Good
-1.656451657544886,677,Good
1.0617720500335086,675,Good
0.6097647300334638,651,Good
-0.7118269848885423,626,Good
0.7651422462834793,527,Fair
1.2030243375335228,677,Good
-0.006448374185347333,548,Fair
1.0176307101897544,676,Good
-0.899869092622936,609,Good
1.4616925890179233,633,Good
0.863136020736614,543,Fair
1.7274234548773246,487,Fair
-1.3660016413729823,676,Good
-0.18124807996661468,675,Good
0.4632154817521993,680,Good
0.28665012237718174,638,Good
0.05181819440840845,574,Fair
1.52878742558043,622,Good
0.33697124979906173,507,Fair
-0.7903985698104251,626,Good
-0.9122286677791872,481,Fair
-0.38694672363851007,657,Good
-1.6317325072323836,665,Good
0.4826376712834512,696,Good
-1.0985051219198307,675,Good
0.6044677692522132,478,Fair
1.1368123277678912,543,Fair
0.030630351283406347,473,Fair
1.5923509549554362,557,Fair
-0.5538009882479017,465,Fair
-0.5361444523103999,436,Fair
-1.5213791576229976,688,Good
-0.13357543293535995,625,Good
-1.5381528667636244,688,Good
0.5594436026115838,899,Very Good
1.6055933569085625,561,Fair
-0.7603824587166721,627,Good
0.32108036745531016,638,Good
-0.31367209949787783,545,Fair
0.8613703671428637,675,Good
0.47910636409595087,681,Good
-0.8557277527791816,625,Good
0.7995724913616077,637,Good
0.5435527202678322,509,Fair
-0.7259522136385437,632,Good
-1.0437698605135752,658,Good
1.5473267883148067,617,Good
0.11096758979903931,627,Good
1.338096837455411,491,Fair
-1.5805285530136286,669,Good
1.8104091737835828,528,Fair
-1.000511347466696,638,Good
-0.7135926384822925,627,Good
-1.363353160982357,679,Good
-1.0958566415292055,577,Fair
1.8042293862054573,526,Fair
-1.0852627199667044,507,Fair
-0.4143143543416378,641,Good
-0.16182589043536275,542,Fair
0.9169884553459943,674,Good
-0.6058877692635318,631,Good
-1.4295651707479886,675,Good
0.7483685371428526,504,Fair
-0.8054066253573016,627,Good
0.5938738476897122,401,Fair
-0.7533198443416714,628,Good
-1.0075739618416966,648,Good
-1.1885534552010897,674,Good
-1.474589337388618,638,Good
0.48705180526782665,594,Fair
-0.5741060045760287,625,Good
-1.0782001055917037,543,Fair
0.6953989293303473,605,Good
0.045638406830282835,557,Fair
0.9964428670647522,674,Good
-0.6111847300447824,627,Good
-0.517605089576023,406,Fair
0.6609686842522189,899,Very Good
-0.9475417396541908,489,Fair
0.4340821974553214,547,Fair
-1.0940909879354552,537,Fair
1.57910855300231,545,Fair
-0.68887348816979,626,Good
-0.11591889699785819,865,Very Good
1.790104157455456,467,Fair
-0.6641543378572876,631,Good
0.4596841745646989,679,Good
-0.7312491744197942,625,Good
0.07830299831466107,630,Good
-1.3262744355136034,638,Good
0.5170679163615796,418,Fair
1.7371345496429507,899,Very Good
-0.6155988640291578,626,Good
1.790104157455456,467,Fair
1.7265406280804496,487,Fair
1.589702474564811,574,Fair
1.2824787492522804,542,Fair
-1.2750704812948481,662,Good
-1.3721814289511078,676,Good
-0.6535604162947866,625,Good
1.3919492720647915,494,Fair
-0.6932876221541655,630,Good
-0.9943315598885704,509,Fair
1.690344729408571,422,Fair
-1.0473011677010755,618,Good
0.4826376712834512,696,Good
-0.597942328091656,632,Good
-1.5478639615292502,664,Good
-1.0093396154354468,678,Good
1.8289485365179596,564,Fair
1.0317559389397557,674,Good
-0.7824531286385493,630,Good
0.9982085206585023,674,Good
-1.0852627199667044,507,Fair
0.7580796319084785,612,Good
-1.1329353669979592,626,Good
0.4261367562834456,432,Fair
-1.6926475562167647,638,Good
0.4535043869865733,525,Fair
-0.8795640762948089,626,Good
-1.0711374912167029,519,Fair
-0.6588573770760371,625,Good
-1.3271572623104784,625,Good
1.7468456444085767,869,Very Good
-1.667045579107387,675,Good
-0.6306069195760342,631,Good
1.3539877197991625,611,Good
1.5067167556585528,614,Good
-0.03646448527910031,624,Good
-1.2494685041854707,677,Good
1.7856900234710804,556,Fair
0.5179507431584547,437,Fair
-1.1205757918417079,638,Good
-1.2618280793417218,691,Good
-0.5308474915291493,401,Fair
1.638257948392941,476,Fair
-1.4004318864511107,638,Good
1.2312747950335254,639,Good
1.8104091737835828,528,Fair
0.07477169112716073,545,Fair
-1.2609452525448468,639,Good
0.05711515518965898,677,Good
-0.8760327691073087,630,Good
-0.6509119359041613,628,Good
-0.1017936682478568,444,Fair
-0.6668028182479129,625,Good
-0.002034240200971895,431,Fair
-0.6826937005916645,595,Fair
-1.442807572701115,638,Good
0.8145805469084841,606,Good
-0.1229815113728589,570,Fair
0.7192352528459747,605,Good
-0.6412008411385353,628,Good
-0.015276642154098208,597,Fair
-0.009096854575972596,589,Fair
0.07565451792403581,466,Fair
0.3890580308146919,899,Very Good
-0.9766750239510686,431,Fair
-1.0137537494198223,647,Good
-0.6932876221541655,630,Good
-0.27659337402912415,607,Good
0.4614498281584491,642,Good
1.7795102358929549,558,Fair
1.4060745008147928,419,Fair
0.39258933800219226,899,Very Good
-0.017042295747848383,437,Fair
1.8280657097210844,518,Fair
-1.4631125890292418,676,Good
0.40053477917406805,899,Very Good
-0.4169628347322631,646,Good
-1.0164022298104476,622,Good
1.5685146314398088,639,Good
0.05976363558028424,440,Fair
-1.615841624888632,681,Good
1.2807130956585304,676,Good
-0.8636731939510573,628,Good
-1.6334981608261339,507,Fair
-0.8636731939510573,628,Good
-0.4655183085603929,899,Very Good
1.801580905814832,474,Fair
0.06417776956465968,440,Fair
0.7819159554241059,605,Good
-1.072020318013578,516,Fair
-0.00733120098222242,500,Fair
1.5764600726116846,430,Fair
1.6673912326898188,445,Fair
-0.40283760598226165,706,Very Good
1.548209615111682,451,Fair
0.0014970669865284555,623,Good
1.558803536674183,899,Very Good
0.4464417726115726,477,Fair
-1.0446526873104502,561,Fair
0.17188263878342036,521,Fair
-1.3351027034823542,676,Good
-1.6414436019980096,676,Good
1.7874556770648307,467,Fair
1.5835226869866854,527,Fair
-1.051715301685451,492,Fair
-0.5273161843416491,563,Fair
-1.576997245826128,676,Good
-0.7065300241072918,629,Good
-0.7118269848885423,626,Good
-0.6129503836385325,628,Good
1.2930726708147815,595,Fair
-0.5255505307478988,478,Fair
0.24604008972092772,638,Good
1.5429126543304315,676,Good
-0.5997079816854062,627,Good
0.17894525315842105,899,Very Good
-1.654686003951136,676,Good
1.7185951869085738,899,Very Good
0.8728471155022399,542,Fair
0.07742017151778599,631,Good
0.9999741742522525,675,Good
1.195961723158522,691,Good
-0.6050049424666567,626,Good
0.07918582511153617,514,Fair
-1.011105269029197,643,Good
0.6918676221428469,605,Good
1.8210030953460838,807,Very Good
0.05093536761153336,455,Fair
0.3387369033928119,638,Good
-0.5820514457479045,625,Good
-0.5202535699666483,446,Fair
-1.463995415826117,677,Good
-1.593770954966755,638,Good
1.5181935040179289,657,Good
1.5870539941741857,543,Fair
1.6938760365960714,534,Fair
-1.3492279322323555,626,Good
-1.6008335693417555,638,Good
-0.16800567801348837,610,Good
-0.4187284883260132,641,Good
1.024693324564755,678,Good
-0.8610247135604321,626,Good
-1.515199370044872,680,Good
0.30165817792405825,637,Good
-0.9104630141854371,502,Fair
0.5100053019865789,576,Fair
-1.0587779160604518,475,Fair
-0.07354321074785398,708,Very Good
-0.9157599749666876,606,Good
0.5091224751897038,479,Fair
-0.041761446060350836,573,Fair
1.8360111508929602,557,Fair
-1.0499496480917008,556,Fair
-0.6005908084822813,626,Good
-0.07177755715410382,668,Good
-1.59465378176363,638,Good
0.4711609229240751,639,Good
1.8360111508929602,557,Fair
0.07477169112716073,545,Fair
-0.6367867071541599,625,Good
-0.5820514457479045,625,Good
-0.23951464856037047,704,Very Good
-0.017042295747848383,437,Fair
1.1915475891741465,638,Good
-0.5846999261385297,625,Good
-1.1770767068417134,638,Good
-1.627318373248008,638,Good
1.5905853013616862,538,Fair
-0.7418430959822953,626,Good
0.016505122533404946,492,Fair
-1.54433265434175,638,Good
0.08624843948653686,509,Fair
0.8719642887053648,674,Good
-1.5319730791854986,683,Good
-1.0534809552792013,643,Good
-0.6429664947322855,545,Fair
-0.6862250077791647,387,LOW
0.7157039456584743,605,Good
1.7177123601116988,628,Good
-0.6191301712166581,631,Good
0.41554283472094455,676,Good
-0.7171239456697929,627,Good
1.207438471517898,676,Good
-1.4684095498104923,676,Good
-0.6314897463729093,625,Good
0.08624843948653686,509,Fair
-0.637669533951035,628,Good
-0.6005908084822813,626,Good
-1.5690518046542523,676,Good
