unique_id,disbursement_date,loan_investment_amount,lender_insurance_premium,metro_type,LMI_type,revenue,full_time_employees,naics_code,jobs_created,lender_type_category,optional_primary_use_of_funds,optional_revenue_yr_confirmed,optional_stage,target
1197,534,3105000.0,0.0,0,0,0.0,51.0,447110,3.0,0,2,2014.0,0,1
500,404,500000.0,0.0,0,0,3202902.0,16.0,238990,4.0,0,4,2014.0,0,0
966,20,329000.0,0.0,1,1,1369561.0,27.0,532111,3.0,0,2,2014.0,0,1
281,601,300000.0,0.0,0,0,8383968.0,83.0,611110,0.0,1,4,2014.0,0,0
969,180,100000.0,0.0,1,1,3230451.0,49.0,722511,0.0,0,4,2015.0,0,1
219,105,735000.0,0.0,0,1,4380090.0,30.0,531120,0.0,1,4,2014.0,0,0
89,442,150000.0,0.0,0,1,526000.0,16.0,722515,15.0,1,4,2014.0,0,0
1468,737,2498378.0,0.0,1,1,12848690.0,16.0,441120,2.5,0,3,2013.0,0,1
359,209,122539.0,0.0,0,1,2014000.0,40.0,424490,0.0,0,4,2014.0,0,0
1442,364,686700.0,0.0,0,0,14070000.0,35.0,113310,5.0,0,2,2016.0,0,1
1336,334,558000.0,0.0,1,1,3053428.0,23.0,621210,0.0,0,3,2014.0,0,1
980,450,301515.0,0.0,0,0,594921.0,17.0,722513,15.0,0,4,2014.0,0,1
530,552,5000000.0,0.0,0,1,1863157.0,39.0,511210,30.0,2,4,2016.0,4,0
651,157,100000.0,0.0,1,1,1747692.0,27.0,722511,55.0,0,0,2012.0,0,1
798,702,2400000.0,0.0,0,1,616846.0,27.0,541330,11.0,2,4,2016.0,0,0
569,177,100000.0,0.0,0,1,3070459.0,20.0,561330,5.0,3,4,2014.0,0,0
517,395,348800.0,0.0,1,0,2181000.0,15.0,236220,1.0,0,3,2013.0,0,1
809,56,450000.0,0.0,0,1,5266236.0,24.0,423440,0.0,2,4,2016.0,2,0
1205,515,1100000.0,0.0,1,1,0.0,15.0,332311,3.0,3,2,2016.0,0,0
817,756,704083.54,0.0,0,1,2780000.0,17.0,336390,3.0,0,4,2014.0,0,0
133,184,100000.0,0.0,0,0,1009689.0,19.0,621491,4.0,0,4,2014.0,0,0
953,357,21250.0,0.0,1,0,1206000.0,16.0,321920,1.0,3,4,2014.0,0,0
944,66,300000.0,0.0,0,1,1160000.0,18.0,722511,12.0,2,4,2014.0,0,1
693,737,412500.0,0.0,0,1,13842211.0,90.0,445110,20.0,0,1,2013.0,0,1
944,66,300000.0,0.0,0,1,1160000.0,18.0,722511,12.0,2,4,2014.0,0,1
895,721,137000.0,0.0,0,0,2505484.0,18.0,541330,2.0,2,1,2017.0,0,1
1355,598,10000000.0,0.0,1,0,15000000.0,150.0,339113,0.0,0,4,2012.0,0,0
874,539,655000.0,0.0,1,0,13887436.0,89.0,484121,4.0,2,1,2016.0,0,1
498,397,100000.0,0.0,0,1,2023000.0,23.0,713940,0.0,2,4,2014.0,0,0
956,293,76589.0,0.0,0,1,15123018.0,40.0,335312,4.0,3,4,2014.0,0,0
37,700,600000.0,0.0,0,0,5724101.0,45.0,238990,2.0,0,4,2014.0,0,0
695,765,2000000.0,0.0,0,1,7290000.0,30.0,541810,15.0,0,4,2013.0,0,1
34,578,1000000.0,0.0,0,1,2247158.0,35.0,238990,7.0,0,4,2014.0,0,0
483,319,400000.0,0.0,0,0,166927.0,17.0,111335,33.0,0,4,2014.0,0,0
769,18,2500000.0,0.0,0,1,15984000.0,66.0,332510,25.0,0,3,2016.0,0,0
1445,70,2115000.0,0.0,1,0,19424158.0,32.5,445110,0.0,2,2,2016.0,0,1
880,283,974000.0,0.0,1,1,10100000.0,62.0,713930,9.0,0,1,2016.0,0,1
887,118,621270.0,0.0,0,1,2965120.0,32.0,238210,3.0,0,4,2014.0,0,1
1093,838,750000.0,0.0,0,1,2000.0,19.0,531120,3.0,0,4,2014.0,0,0
842,481,47500.0,0.0,1,1,1800000.0,27.0,237130,4.0,2,4,2012.0,0,1
76,310,510000.0,0.0,0,0,853272.0,32.0,111335,0.0,0,4,2014.0,0,0
965,64,50000.0,0.0,0,1,158200.0,19.0,447110,3.0,0,4,2014.0,0,1
1477,470,500000.0,0.0,1,1,2035337.0,23.0,333111,30.0,0,4,2017.0,0,1
651,157,100000.0,0.0,1,1,1747692.0,27.0,722511,55.0,0,0,2012.0,0,1
673,242,500000.0,0.0,0,1,2704350.0,26.0,339112,13.0,2,4,2014.0,0,0
257,479,200000.0,0.0,0,1,160000.0,15.0,236118,6.0,0,4,2014.0,0,0
495,369,437000.0,0.0,0,1,1049000.0,20.0,621111,4.0,0,4,2014.0,0,0
1315,229,50000.0,0.0,0,0,1000000.0,17.0,238210,8.0,0,4,2014.0,0,1
851,323,400000.0,0.0,1,0,4978769.0,60.0,321918,20.0,2,1,2015.0,0,1
721,326,4789140.0,0.0,1,0,1800000.0,28.0,721110,0.0,0,3,2014.0,0,0
1250,197,800000.0,0.0,0,0,913090.0,25.0,238210,5.0,3,4,2016.0,0,0
900,398,225000.0,0.0,0,1,3113227.0,16.0,453998,0.0,0,4,2011.0,0,1
1189,853,901000.0,0.0,0,0,2937644.0,48.0,541990,36.0,2,4,2016.0,4,0
1428,601,5273099.0,0.0,0,1,65910192.0,17.0,531120,2.0,0,0,2016.0,0,1
642,757,300000.0,0.0,0,1,0.0,15.0,238990,0.0,3,4,2014.0,0,1
1168,582,1450000.0,0.0,1,0,3000000.0,23.0,333514,6.0,1,4,2014.0,0,0
902,571,350000.0,0.0,0,0,2537355.0,18.0,541990,2.0,2,4,2014.0,0,1
1325,168,5500000.0,0.0,0,1,21670075.0,40.0,722513,20.0,0,3,2015.0,0,1
1050,199,8950000.0,0.0,0,0,1700000.0,24.0,519130,2.0,2,4,2016.0,0,0
1202,217,1500000.0,0.0,0,1,4074000.0,49.0,311920,10.0,0,1,2016.0,0,1
1034,300,6224000.0,0.0,1,0,18446961.0,108.0,336310,10.0,2,4,2016.0,0,0
1430,109,92000.0,0.0,0,0,3783776.0,15.0,238220,0.0,2,4,2015.0,0,0
1138,446,400000.0,0.0,0,1,4839262.78,39.0,484121,5.0,0,4,2014.0,0,0
1337,334,215000.0,0.0,1,1,3053428.0,23.0,621210,0.0,0,3,2014.0,0,1
1170,731,400000.0,0.0,0,1,4297736.0,33.0,238210,10.0,0,4,2014.0,0,0
980,450,301515.0,0.0,0,0,594921.0,17.0,722513,15.0,0,4,2014.0,0,1
638,604,100000.0,0.0,0,1,110000.0,22.0,561730,0.0,3,4,2014.0,0,1
259,330,175000.0,0.0,0,0,1928698.0,35.0,445291,10.0,0,4,2014.0,0,0
1045,438,898011.0,0.0,0,1,648030.0,19.0,321219,8.0,2,4,2016.0,0,0
1348,644,682500.0,0.0,1,1,9959000.0,99.0,315110,17.0,0,1,2015.0,0,0
1192,319,2700000.0,0.0,0,1,3278706.0,42.0,541512,70.0,2,4,2016.0,0,0
903,93,8600000.0,0.0,0,0,53463000.0,230.0,237310,56.0,0,4,2014.0,0,1
1241,420,755535.0,0.0,0,1,1972274.0,39.0,541618,17.0,3,4,2015.0,0,0
1356,700,830800.0,0.0,1,0,20216657.0,121.0,333515,32.0,0,1,2015.0,0,0
526,488,6704998.96,0.0,0,0,2881000.0,19.0,561499,5.0,2,4,2015.0,0,0
251,407,259000.0,0.0,0,1,1689314.0,22.0,238140,10.0,0,4,2014.0,0,0
407,35,1000000.0,0.0,0,1,17700000.0,35.0,238330,9.0,0,4,2014.0,0,0
1268,600,900000.0,0.0,0,0,11890618.0,57.0,811310,7.0,0,4,2013.0,0,0
851,323,400000.0,0.0,1,0,4978769.0,60.0,321918,20.0,2,1,2015.0,0,1
888,704,91024.0,0.0,0,1,176169.0,15.0,562111,2.0,0,1,2017.0,0,1
369,323,149211.59,0.0,0,0,7905000.0,75.0,811192,0.0,0,4,2014.0,0,0
619,682,750000.0,0.0,0,1,1989037.0,21.0,238990,0.0,3,4,2014.0,0,1
579,403,300000.0,0.0,0,1,5400000.0,17.0,325520,2.0,3,4,2014.0,0,1
210,112,100000.0,0.0,0,0,1748089.0,19.0,621491,0.0,0,4,2014.0,0,0
276,593,200000.0,0.0,0,1,612000.0,469.0,722310,14.0,0,4,2014.0,0,0
622,816,1286873.27,0.0,0,1,927147.0,20.0,721110,35.0,0,0,2014.0,0,0
845,204,1800000.0,0.0,1,0,5787000.0,70.0,336612,15.0,4,3,2013.0,0,1
1384,734,4820113.0,0.0,0,1,13501828.0,47.0,334419,18.0,3,0,2013.0,0,0
1391,11,45000.0,0.0,1,1,1370212.0,16.0,326140,2.0,3,1,2015.0,0,0
1322,502,4950000.0,0.0,0,1,9798075.0,27.0,312140,12.0,0,1,2015.0,0,1
1401,667,4150000.0,0.0,1,1,20600000.0,179.0,315110,133.0,3,1,2015.0,0,0
1474,309,500000.0,0.0,1,1,5302293.0,41.0,213112,7.5,0,4,2014.0,0,1
1003,348,999900.0,0.0,1,1,1860000.0,40.0,713930,25.0,0,2,2012.0,0,0
284,609,1010000.0,0.0,0,0,4779505.0,35.0,562211,20.0,0,4,2014.0,0,0
1317,399,755000.0,0.0,0,1,15700000.0,80.0,238910,30.0,0,4,2012.0,0,1
75,287,50000.0,0.0,0,0,796250.0,28.0,315210,0.0,0,4,2014.0,0,0
416,621,350000.0,0.0,0,1,3800000.0,31.0,238140,10.0,0,4,2014.0,0,0
334,122,250000.0,0.0,0,0,1255000.0,16.0,238220,3.0,0,4,2014.0,0,0
980,450,301515.0,0.0,0,0,594921.0,17.0,722513,15.0,0,4,2014.0,0,1
644,808,350000.0,0.0,0,1,600000.0,26.0,238210,5.0,3,4,2014.0,0,1
854,449,175000.0,0.0,1,0,3471000.0,180.0,484121,5.0,2,1,2015.0,0,1
1022,219,2486293.0,0.0,0,0,2012000.0,18.0,722511,11.0,0,0,2015.0,0,0
750,309,40000.0,0.0,0,1,0.0,32.0,623312,14.0,3,4,2014.0,0,0
1445,70,2115000.0,0.0,1,0,19424158.0,32.5,445110,0.0,2,2,2016.0,0,1
217,345,50000.0,0.0,0,1,1746000.0,17.0,722511,15.0,2,4,2014.0,0,0
1342,494,400000.0,0.0,1,1,6163000.0,26.0,424420,2.0,0,3,2014.0,0,1
621,224,500000.0,0.0,0,0,670521.0,25.0,321999,7.0,3,4,2014.0,0,1
277,31,700000.0,0.0,0,0,9234752.0,62.0,484220,10.0,0,4,2014.0,0,0
1288,849,598153.86,0.0,1,1,589201.0,20.0,511210,8.0,2,4,2016.0,1,0
532,403,1000000.0,0.0,0,0,17613309.0,18.0,236115,51.4,0,4,2016.0,0,1
379,488,100000.0,0.0,0,1,588729.0,17.0,722511,11.0,2,4,2014.0,0,0
435,744,200000.0,0.0,0,1,0.0,34.0,334413,7.0,0,4,2014.0,0,0
1434,228,600000.0,0.0,0,0,3783776.0,15.0,238220,0.0,2,4,2015.0,0,0
1321,301,100000.0,0.0,0,0,10301000.0,20.0,561720,20.0,0,4,2015.0,0,1
1379,295,1002231.0,0.0,0,1,2400000.0,41.0,722511,18.0,3,0,2015.0,0,0
1419,777,803624.0,0.0,0,1,920674.0,48.0,722511,23.0,0,0,2015.0,0,1
546,799,200000.0,2500.0,0,0,2692000.0,15.0,561990,60.0,0,4,2014.0,0,0
1468,737,2498378.0,0.0,1,1,12848690.0,16.0,441120,2.5,0,3,2013.0,0,1
670,548,700000.0,0.0,0,1,1265475.0,15.0,541330,0.0,2,4,2014.0,0,0
203,831,275000.0,0.0,0,0,3715000.0,24.0,238210,8.0,0,4,2014.0,0,0
641,757,200000.0,0.0,0,1,3200000.0,48.0,561730,0.0,3,4,2014.0,0,1
539,96,150000.0,0.0,0,1,3589331.0,35.0,722310,5.0,0,0,2016.0,0,1
539,96,150000.0,0.0,0,1,3589331.0,35.0,722310,5.0,0,0,2016.0,0,1
981,561,250000.0,0.0,1,1,533388.0,20.0,722511,5.0,0,4,2014.0,0,1
887,118,621270.0,0.0,0,1,2965120.0,32.0,238210,3.0,0,4,2014.0,0,1
1202,217,1500000.0,0.0,0,1,4074000.0,49.0,311920,10.0,0,1,2016.0,0,1
1340,416,1840000.0,0.0,1,1,2279955.0,21.0,621492,13.0,0,4,2016.0,0,1
693,737,412500.0,0.0,0,1,13842211.0,90.0,445110,20.0,0,1,2013.0,0,1
951,84,200000.0,0.0,0,1,19867529.0,94.0,332322,0.0,3,4,2014.0,0,0
444,827,1000000.0,0.0,0,1,10910000.0,65.0,332323,5.0,0,4,2014.0,0,0
1337,334,215000.0,0.0,1,1,3053428.0,23.0,621210,0.0,0,3,2014.0,0,1
650,845,250000.0,0.0,1,1,2677478.0,25.0,444210,1.0,0,1,2012.0,0,1
642,757,300000.0,0.0,0,1,0.0,15.0,238990,0.0,3,4,2014.0,0,1
1203,256,200000.0,0.0,1,0,0.0,17.0,532120,0.0,0,1,2014.0,0,1
991,477,450000.0,0.0,1,1,3841181.0,50.0,541990,30.0,0,3,2012.0,0,0
1223,815,12700000.0,0.0,0,1,17488998.0,89.0,332312,200.0,2,0,2015.0,0,0
1023,466,1313000.0,0.0,0,1,1708887.0,30.0,445110,24.0,2,4,2016.0,0,0
972,606,25000.0,0.0,1,1,196535.0,15.0,562998,10.0,3,4,2016.0,0,1
871,470,1250000.0,0.0,1,1,4700000.0,34.0,721110,2.0,0,0,2016.0,0,1
453,88,223200.0,0.0,0,1,8854604.0,15.0,722513,15.0,0,4,2014.0,0,0
656,393,504000.0,0.0,1,1,882969.0,40.0,722511,19.0,0,0,2015.0,0,1
844,67,1300000.0,0.0,0,1,1350417.0,44.0,624410,0.0,0,3,2013.0,0,1
1314,650,2700000.0,0.0,0,1,2300000.0,17.0,334413,2.0,2,4,2016.0,1,0
1341,457,286000.0,0.0,1,1,5302000.0,15.0,447110,0.0,0,3,2014.0,0,1
852,372,750000.0,0.0,1,0,0.0,35.0,321918,17.0,2,1,2015.0,0,1
902,571,350000.0,0.0,0,0,2537355.0,18.0,541990,2.0,2,4,2014.0,0,1
538,23,750000.0,0.0,0,1,5604373.0,63.0,238140,4.0,0,4,2016.0,0,1
1340,416,1840000.0,0.0,1,1,2279955.0,21.0,621492,13.0,0,4,2016.0,0,1
58,79,750000.0,0.0,0,1,7093000.0,144.0,561311,136.0,0,4,2014.0,0,0
541,566,2500000.0,0.0,0,0,8400000.0,20.0,221114,3.0,0,1,2016.0,0,1
1269,98,1600000.0,0.0,0,1,5973191.0,42.0,541380,0.0,0,4,2014.0,0,0
912,753,10000000.0,0.0,0,0,18719932.0,92.0,511210,52.0,2,4,2015.0,0,0
522,618,391500.0,0.0,0,1,2385798.0,47.0,621610,0.0,0,2,2016.0,0,1
164,491,137500.0,0.0,0,1,702000.0,45.0,541990,0.0,0,4,2014.0,0,0
786,450,250000.0,3250.0,0,1,4000000.0,16.0,332994,0.0,0,1,2014.0,0,0
845,204,1800000.0,0.0,1,0,5787000.0,70.0,336612,15.0,4,3,2013.0,0,1
842,481,47500.0,0.0,1,1,1800000.0,27.0,237130,4.0,2,4,2012.0,0,1
900,398,225000.0,0.0,0,1,3113227.0,16.0,453998,0.0,0,4,2011.0,0,1
972,606,25000.0,0.0,1,1,196535.0,15.0,562998,10.0,3,4,2016.0,0,1
695,765,2000000.0,0.0,0,1,7290000.0,30.0,541810,15.0,0,4,2013.0,0,1
1326,519,3000000.0,0.0,0,1,10752792.0,165.0,332999,26.0,0,4,2015.0,0,1
260,561,410200.0,0.0,0,0,1428955.0,60.0,111219,10.0,0,4,2014.0,0,0
184,723,250000.0,0.0,0,0,761733.0,44.0,339920,4.0,0,4,2014.0,0,0
467,214,940000.0,0.0,0,1,1043000.0,20.0,312120,0.0,2,4,2014.0,0,0
552,614,3210450.0,0.0,0,1,37000000.0,38.0,323113,0.0,0,4,2012.0,0,0
679,838,600000.0,0.0,0,1,148720.0,30.0,531120,6.0,0,2,2012.0,0,0
641,757,200000.0,0.0,0,1,3200000.0,48.0,561730,0.0,3,4,2014.0,0,1
173,302,100000.0,0.0,0,1,1729000.0,18.0,445110,0.0,0,4,2014.0,0,0
428,688,200000.0,0.0,0,1,9327000.0,42.0,221114,0.0,2,4,2014.0,0,0
1200,123,2480000.0,0.0,0,1,0.0,19.0,447110,0.0,0,2,2016.0,0,1
694,737,100000.0,0.0,0,1,13842211.0,90.0,445110,20.0,0,1,2013.0,0,1
534,424,1500000.0,0.0,0,1,35000000.0,27.0,236220,7.0,0,4,2016.0,0,1
1216,787,1150000.0,0.0,1,0,8988900.0,375.0,722511,7.0,3,2,2015.0,0,0
706,658,50000.0,0.0,0,0,6219200.0,27.0,531120,3.0,3,2,2013.0,0,0
534,424,1500000.0,0.0,0,1,35000000.0,27.0,236220,7.0,0,4,2016.0,0,1
1282,511,1263721.5,0.0,0,1,4183560.13,15.0,334290,0.0,2,4,2016.0,0,0
1007,751,1450000.0,0.0,0,0,8036000.0,39.0,811212,2.0,0,2,2012.0,0,0
927,464,800000.0,0.0,0,1,3762451.0,24.0,541990,0.0,2,4,2014.0,0,0
353,171,50000.0,0.0,0,0,2079034.0,35.0,311920,10.0,0,4,2014.0,0,0
909,694,1564500.0,0.0,0,0,4300000.0,26.0,331222,10.0,0,4,2014.0,0,1
979,448,635000.0,0.0,1,0,10377063.0,100.0,321113,0.0,3,4,2014.0,0,1
730,525,801600.0,0.0,0,1,1100000.0,15.0,333318,5.0,0,1,2014.0,0,0
275,590,300000.0,0.0,0,0,6694000.0,40.0,323113,6.0,0,4,2014.0,0,0
539,96,150000.0,0.0,0,1,3589331.0,35.0,722310,5.0,0,0,2016.0,0,1
642,757,300000.0,0.0,0,1,0.0,15.0,238990,0.0,3,4,2014.0,0,1
1322,502,4950000.0,0.0,0,1,9798075.0,27.0,312140,12.0,0,1,2015.0,0,1
998,287,250000.0,0.0,0,1,2949000.0,35.0,721110,0.0,0,4,2011.0,0,0
1073,664,5000000.0,0.0,0,1,6000.0,35.0,425120,32.0,2,1,2016.0,1,0
853,449,175000.0,0.0,1,0,2841000.0,180.0,484121,5.0,2,1,2015.0,0,1
628,148,350000.0,0.0,0,1,1700000.0,15.0,541613,0.0,3,4,2014.0,0,1
1444,70,1215000.0,0.0,1,0,19424158.0,32.5,445110,0.0,2,2,2016.0,0,1
1104,584,157400.0,2361.0,0,1,247362.0,31.0,531210,137.0,0,4,2014.0,0,0
1341,457,286000.0,0.0,1,1,5302000.0,15.0,447110,0.0,0,3,2014.0,0,1
131,99,350000.0,0.0,0,1,7630000.0,65.0,321911,0.0,0,4,2014.0,0,0
1374,780,125000.0,0.0,1,0,4899456.0,26.0,333517,6.0,3,4,2013.0,0,0
197,823,750000.0,0.0,0,1,2291341.0,18.0,541330,3.0,0,4,2014.0,0,0
1196,529,400000.0,0.0,0,1,0.0,17.0,238130,5.0,0,4,2014.0,0,1
517,395,348800.0,0.0,1,0,2181000.0,15.0,236220,1.0,0,3,2013.0,0,1
538,23,750000.0,0.0,0,1,5604373.0,63.0,238140,4.0,0,4,2016.0,0,1
639,679,250000.0,0.0,0,1,441303.0,17.0,238210,1.0,3,4,2014.0,0,1
866,87,189009.0,0.0,0,1,0.0,15.0,722511,0.0,2,0,2015.0,0,1
948,715,150000.0,0.0,0,0,3600000.0,30.0,238110,15.0,2,4,2014.0,0,0
818,231,3298000.0,0.0,0,1,1861400.0,30.0,721110,0.0,0,2,2014.0,0,0
856,535,500000.0,0.0,0,0,0.0,75.0,722511,75.0,0,2,2015.0,0,1
1427,393,1483670.0,0.0,0,0,4608262.0,20.0,311821,10.0,0,2,2015.0,0,1
858,329,1400000.0,0.0,0,1,681457.0,42.0,722513,1.0,0,2,2015.0,0,1
1278,588,1498966.2,0.0,1,0,844292.28,23.0,511210,3.0,2,4,2015.0,4,0
999,373,250000.0,0.0,1,1,74942000.0,131.0,441110,30.0,0,1,2011.0,0,0
138,285,180000.0,0.0,0,1,850055.0,34.0,445299,15.0,0,4,2014.0,0,0
971,827,300000.0,0.0,1,1,445360.0,15.0,236220,8.0,0,0,2016.0,0,1
871,470,1250000.0,0.0,1,1,4700000.0,34.0,721110,2.0,0,0,2016.0,0,1
1397,224,290000.0,0.0,0,1,14100000.0,99.0,332911,15.0,3,1,2015.0,0,0
1477,470,500000.0,0.0,1,1,2035337.0,23.0,333111,30.0,0,4,2017.0,0,1
709,776,100000.0,0.0,0,0,5841000.0,30.0,332710,7.0,3,2,2013.0,0,0
1195,427,1735000.0,0.0,0,1,0.0,31.0,423120,6.0,0,3,2014.0,0,1
84,475,528000.0,0.0,0,1,7422954.0,510.0,561730,30.0,0,4,2014.0,0,0
1236,696,1750000.0,0.0,0,0,4600000.0,47.0,339113,42.0,2,4,2014.0,0,0
465,342,128633.0,0.0,0,1,1346140.0,28.0,623220,6.0,0,4,2014.0,0,0
859,674,350000.0,0.0,1,1,32800.0,64.0,445310,10.0,0,0,2015.0,0,1
636,621,100000.0,0.0,0,1,47413.76,19.0,533110,0.0,3,4,2014.0,0,1
536,836,240000.0,0.0,0,0,3640501.0,248.0,722511,8.0,0,4,2016.0,0,1
754,303,750000.0,0.0,0,1,0.0,48.0,238220,47.0,0,1,2015.0,0,0
1364,206,800000.0,0.0,1,1,9900000.0,47.0,327120,6.0,3,4,2012.0,0,0
1398,242,5200000.0,0.0,1,0,30885816.0,85.0,312120,8.0,3,0,2016.0,0,0
805,861,165000.0,3750.0,1,1,3073294.0,40.0,238220,0.0,0,4,2016.0,0,0
1427,393,1483670.0,0.0,0,0,4608262.0,20.0,311821,10.0,0,2,2015.0,0,1
861,724,1240000.0,0.0,0,1,8765000.0,56.0,332710,0.0,0,3,2015.0,0,1
1342,494,400000.0,0.0,1,1,6163000.0,26.0,424420,2.0,0,3,2014.0,0,1
174,603,800000.0,0.0,0,0,17559280.0,38.0,447110,10.0,0,4,2014.0,0,0
981,561,250000.0,0.0,1,1,533388.0,20.0,722511,5.0,0,4,2014.0,0,1
637,580,240000.0,0.0,0,0,1900000.0,15.0,332510,2.0,3,4,2014.0,0,1
1438,408,1000000.0,0.0,0,1,6604148.0,29.0,332812,0.0,2,4,2015.0,0,0
511,441,3000000.0,0.0,0,1,6890578.0,120.0,611110,7.0,0,4,2014.0,0,0
865,72,304500.0,0.0,0,1,0.0,40.0,713120,40.0,2,1,2015.0,0,1
949,576,200000.0,0.0,1,0,12600000.0,87.0,339112,15.0,3,4,2014.0,0,0
424,46,600000.0,0.0,0,1,4077000.0,42.0,611110,0.0,1,4,2014.0,0,0
1323,654,750000.0,0.0,0,0,14829456.0,65.0,334510,25.0,0,4,2015.0,0,1
1470,276,13490581.0,0.0,0,1,2566299.0,23.0,518210,18.0,0,0,2017.0,0,1
1336,334,558000.0,0.0,1,1,3053428.0,23.0,621210,0.0,0,3,2014.0,0,1
1336,334,558000.0,0.0,1,1,3053428.0,23.0,621210,0.0,0,3,2014.0,0,1
797,601,300000.0,0.0,0,1,738503.0,26.0,524298,7.0,2,4,2016.0,1,0
181,793,1000000.0,0.0,0,0,1120000.0,33.0,541310,6.0,0,4,2014.0,0,0
317,824,300000.0,0.0,0,1,2654642.0,17.0,444130,10.0,0,4,2014.0,0,0
747,205,250000.0,0.0,0,0,17007000.0,120.0,332996,30.0,0,4,2014.0,0,0
1352,475,51000.0,0.0,1,1,1005000.0,21.0,722511,0.0,0,0,2015.0,0,0
1470,276,13490581.0,0.0,0,1,2566299.0,23.0,518210,18.0,0,0,2017.0,0,1
954,551,143300.0,0.0,1,1,1354369.0,15.0,541519,4.0,2,4,2014.0,0,0
523,178,1278000.0,0.0,1,1,4988852.0,59.0,551112,4.0,0,2,2016.0,0,1
1061,426,325000.0,0.0,0,0,1009735.0,15.0,541511,5.0,2,1,2016.0,1,0
848,152,1200000.0,0.0,1,0,17845399.0,230.0,334118,25.0,4,1,2014.0,0,1
1326,519,3000000.0,0.0,0,1,10752792.0,165.0,332999,26.0,0,4,2015.0,0,1
377,408,118263.46,0.0,0,0,2153010.0,33.0,561990,0.0,0,4,2014.0,0,0
889,821,47326.87,0.0,0,1,176169.0,15.0,562111,2.0,0,1,2014.0,0,1
806,810,300000.0,5250.0,0,0,4000000.0,40.0,332813,0.0,0,4,2016.0,0,0
1144,662,2000000.0,0.0,0,1,7800000.0,90.0,722513,30.0,0,4,2014.0,0,0
955,669,200000.0,0.0,0,1,16245667.0,250.0,541519,50.0,2,4,2014.0,0,0
1196,529,400000.0,0.0,0,1,0.0,17.0,238130,5.0,0,4,2014.0,0,1
1252,767,1298026.0,0.0,0,0,4735256.0,18.0,423930,18.0,3,1,2016.0,0,0
1212,13,250000.0,0.0,1,0,929000.0,30.0,712130,2.0,2,0,2015.0,0,0
632,360,950000.0,0.0,1,1,1624000.0,19.0,336360,5.0,0,4,2014.0,0,1
633,409,350000.0,0.0,0,0,2800000.0,19.0,237110,2.0,3,4,2014.0,0,1
1177,435,259940.64,0.0,1,1,674294.0,22.0,722513,29.0,0,4,2014.0,0,0
333,63,350000.0,0.0,0,1,7816000.0,23.0,238210,0.0,0,4,2014.0,0,0
889,821,47326.87,0.0,0,1,176169.0,15.0,562111,2.0,0,1,2014.0,0,1
664,747,3150000.0,0.0,0,0,1013844.0,49.0,511210,1.0,2,4,2016.0,0,0
1149,105,1218000.0,0.0,0,1,187200.0,41.0,333514,6.0,0,4,2014.0,0,0
879,176,400000.0,0.0,1,0,16500000.0,84.0,423990,70.0,2,1,2016.0,0,1
695,765,2000000.0,0.0,0,1,7290000.0,30.0,541810,15.0,0,4,2013.0,0,1
1338,546,200000.0,0.0,1,0,1236000.0,16.0,722513,5.0,0,4,2015.0,0,1
224,154,550000.0,0.0,0,1,4481000.0,37.0,238220,4.0,0,4,2014.0,0,0
61,145,1260500.0,0.0,0,0,0.0,19.0,721110,0.0,0,4,2014.0,0,0
215,95,500000.0,0.0,0,1,5688000.0,20.0,541990,0.0,0,4,2014.0,0,0
1325,168,5500000.0,0.0,0,1,21670075.0,40.0,722513,20.0,0,3,2015.0,0,1
850,349,2245000.0,0.0,1,0,25559148.0,115.0,336370,15.0,0,3,2014.0,0,1
1468,737,2498378.0,0.0,1,1,12848690.0,16.0,441120,2.5,0,3,2013.0,0,1
843,641,176610.0,0.0,1,0,35000000.0,100.0,445110,4.0,2,1,2013.0,0,1
636,621,100000.0,0.0,0,1,47413.76,19.0,533110,0.0,3,4,2014.0,0,1
869,201,700000.0,0.0,0,1,7643764.0,28.0,423860,2.0,0,3,2015.0,0,1
1006,386,590000.0,0.0,1,1,10828188.0,75.0,333111,0.0,0,4,2014.0,0,1
973,370,2200000.0,0.0,1,0,1972382.0,27.0,517110,5.0,0,1,2012.0,0,1
915,735,2496757.0,0.0,0,0,2396980.0,32.0,511210,25.0,2,4,2015.0,0,0
702,510,352179.08,0.0,0,1,2600000.0,27.0,326199,4.0,0,3,2013.0,0,0
1316,229,325000.0,0.0,0,0,1000000.0,17.0,238210,8.0,0,4,2014.0,0,1
931,22,2000000.0,0.0,0,1,3430000.0,35.0,236210,9.0,2,4,2013.0,1,0
278,570,366000.0,0.0,0,1,2505000.0,22.0,541990,6.0,0,4,2014.0,0,0
981,561,250000.0,0.0,1,1,533388.0,20.0,722511,5.0,0,4,2014.0,0,1
923,474,3409293.14,0.0,0,1,2755468.0,39.0,518210,109.0,2,4,2015.0,0,0
903,93,8600000.0,0.0,0,0,53463000.0,230.0,237310,56.0,0,4,2014.0,0,1
636,621,100000.0,0.0,0,1,47413.76,19.0,533110,0.0,3,4,2014.0,0,1
872,492,673000.0,0.0,1,0,44200000.0,581.0,621420,13.0,0,2,2016.0,0,1
591,557,60000.0,0.0,0,1,600000.0,20.0,713910,12.0,2,4,2014.0,0,0
497,384,500000.0,0.0,0,1,11322000.0,35.0,238990,0.0,0,4,2014.0,0,0
1000,57,208000.0,0.0,1,0,13000000.0,23.0,561510,0.0,0,3,2012.0,0,0
1426,673,500000.0,0.0,0,0,3783776.0,15.0,238220,5.0,2,0,2014.0,0,0
2,238,600000.0,0.0,0,1,1756000.0,28.0,541613,12.0,0,4,2014.0,0,0
1080,47,283088.0,4246.32,0,0,6100000.0,30.0,424410,8.0,0,4,2014.0,0,0
718,415,634915.0,0.0,0,1,2552000.0,35.0,812191,10.0,0,3,2014.0,0,1
848,152,1200000.0,0.0,1,0,17845399.0,230.0,334118,25.0,4,1,2014.0,0,1
982,841,1520000.0,0.0,0,1,8600000.0,23.0,424990,5.0,0,2,2014.0,0,1
1342,494,400000.0,0.0,1,1,6163000.0,26.0,424420,2.0,0,3,2014.0,0,1
1198,564,500000.0,0.0,1,0,5270967.0,64.0,311942,10.0,0,4,2016.0,0,1
855,505,657000.0,0.0,1,1,760750.0,26.0,611110,5.0,0,4,2015.0,0,1
402,556,4200000.0,0.0,0,0,6773774.0,33.0,611110,0.0,1,4,2014.0,0,0
1135,443,1060000.0,0.0,0,0,85944.0,15.0,531120,3.0,0,4,2014.0,0,0
872,492,673000.0,0.0,1,0,44200000.0,581.0,621420,13.0,0,2,2016.0,0,1
1194,390,2460000.0,0.0,0,1,657288.0,17.0,611110,4.0,0,2,2015.0,0,1
529,818,5000000.0,0.0,0,1,1013000.0,22.5,511210,13.5,2,4,2016.0,4,0
637,580,240000.0,0.0,0,0,1900000.0,15.0,332510,2.0,3,4,2014.0,0,1
201,817,1350000.0,0.0,0,1,815630.0,15.0,722513,2.0,1,4,2014.0,0,0
136,37,50000.0,0.0,0,1,1238000.0,70.0,623312,10.0,0,4,2014.0,0,0
1164,318,799000.0,0.0,0,1,680000.0,20.0,541219,6.0,0,4,2014.0,0,0
627,134,350000.0,0.0,0,1,20000.0,26.0,337110,8.0,3,4,2014.0,0,1
1427,393,1483670.0,0.0,0,0,4608262.0,20.0,311821,10.0,0,2,2015.0,0,1
1340,416,1840000.0,0.0,1,1,2279955.0,21.0,621492,13.0,0,4,2016.0,0,1
635,515,50000.0,0.0,0,1,1000000.0,25.0,333318,0.0,3,4,2014.0,0,1
216,95,500000.0,0.0,0,0,2923000.0,17.0,541860,6.0,0,4,2014.0,0,0
1328,171,4000000.0,0.0,0,1,16587609.0,233.0,332999,30.0,0,4,2015.0,0,1
636,621,100000.0,0.0,0,1,47413.76,19.0,533110,0.0,3,4,2014.0,0,1
1303,617,4400000.0,0.0,1,0,70383827.0,77.0,326150,0.0,2,4,2012.0,2,0
638,604,100000.0,0.0,0,1,110000.0,22.0,561730,0.0,3,4,2014.0,0,1
1328,171,4000000.0,0.0,0,1,16587609.0,233.0,332999,30.0,0,4,2015.0,0,1
640,744,350000.0,0.0,0,0,31255000.0,106.0,541611,0.0,3,4,2014.0,0,1
427,286,1500000.0,0.0,0,1,7367000.0,146.0,722511,36.0,0,4,2014.0,0,0
1470,276,13490581.0,0.0,0,1,2566299.0,23.0,518210,18.0,0,0,2017.0,0,1
1419,777,803624.0,0.0,0,1,920674.0,48.0,722511,23.0,0,0,2015.0,0,1
1419,777,803624.0,0.0,0,1,920674.0,48.0,722511,23.0,0,0,2015.0,0,1
842,481,47500.0,0.0,1,1,1800000.0,27.0,237130,4.0,2,4,2012.0,0,1
870,482,652500.0,0.0,0,1,2235682.0,21.0,541110,3.0,0,2,2016.0,0,1
437,758,500000.0,0.0,0,1,934000.0,17.0,325411,2.0,0,4,2014.0,0,0
971,827,300000.0,0.0,1,1,445360.0,15.0,236220,8.0,0,0,2016.0,0,1
843,641,176610.0,0.0,1,0,35000000.0,100.0,445110,4.0,2,1,2013.0,0,1
897,132,4000000.0,0.0,0,1,659922.0,192.0,511210,380.0,2,4,2017.0,1,0
971,827,300000.0,0.0,1,1,445360.0,15.0,236220,8.0,0,0,2016.0,0,1
889,821,47326.87,0.0,0,1,176169.0,15.0,562111,2.0,0,1,2014.0,0,1
1190,746,2000000.0,0.0,0,1,588967.0,17.0,335911,30.0,2,4,2016.0,4,0
862,771,540000.0,0.0,1,0,3597005.0,92.0,484121,4.0,4,1,2015.0,0,1
1180,636,1500000.0,0.0,0,1,14775000.0,179.0,444130,15.0,0,4,2014.0,0,0
1326,519,3000000.0,0.0,0,1,10752792.0,165.0,332999,26.0,0,4,2015.0,0,1
1342,494,400000.0,0.0,1,1,6163000.0,26.0,424420,2.0,0,3,2014.0,0,1
633,409,350000.0,0.0,0,0,2800000.0,19.0,237110,2.0,3,4,2014.0,0,1
859,674,350000.0,0.0,1,1,32800.0,64.0,445310,10.0,0,0,2015.0,0,1
65,212,1500000.0,0.0,0,0,1612833.0,80.0,111310,5.0,0,4,2014.0,0,0
626,181,1000000.0,0.0,0,1,0.0,16.0,541612,5.0,3,4,2014.0,0,1
887,118,621270.0,0.0,0,1,2965120.0,32.0,238210,3.0,0,4,2014.0,0,1
656,393,504000.0,0.0,1,1,882969.0,40.0,722511,19.0,0,0,2015.0,0,1
226,161,325152.0,0.0,0,0,2693817.0,25.0,722513,1.0,1,4,2014.0,0,0
966,20,329000.0,0.0,1,1,1369561.0,27.0,532111,3.0,0,2,2014.0,0,1
1325,168,5500000.0,0.0,0,1,21670075.0,40.0,722513,20.0,0,3,2015.0,0,1
1472,525,1975000.0,0.0,1,1,4382210.0,19.0,238910,8.0,0,4,2017.0,0,1
650,845,250000.0,0.0,1,1,2677478.0,25.0,444210,1.0,0,1,2012.0,0,1
228,345,150000.0,0.0,0,0,5155482.0,54.0,722515,5.0,0,4,2014.0,0,0
414,564,2500000.0,0.0,0,1,19882010.0,548.0,624190,50.0,0,4,2014.0,0,0
1230,798,5802580.0,0.0,0,1,764325990.0,108.0,424210,0.0,3,1,2012.0,0,0
872,492,673000.0,0.0,1,0,44200000.0,581.0,621420,13.0,0,2,2016.0,0,1
866,87,189009.0,0.0,0,1,0.0,15.0,722511,0.0,2,0,2015.0,0,1
1328,171,4000000.0,0.0,0,1,16587609.0,233.0,332999,30.0,0,4,2015.0,0,1
782,338,2250000.0,0.0,0,1,35148350.0,150.0,238210,0.0,2,4,2016.0,2,0
1322,502,4950000.0,0.0,0,1,9798075.0,27.0,312140,12.0,0,1,2015.0,0,1
605,836,1000000.0,0.0,0,0,8600000.0,107.0,488999,0.0,3,4,2014.0,0,1
698,433,3500000.0,0.0,0,0,29700000.0,65.0,322211,40.0,0,1,2013.0,0,0
371,346,3600000.0,0.0,0,1,16102062.0,115.0,531120,15.0,0,4,2014.0,0,0
172,568,400000.0,0.0,0,1,9271000.0,50.0,323111,0.0,0,4,2014.0,0,0
1476,344,1035000.0,0.0,1,1,1400000.0,35.0,531120,0.0,0,2,2017.0,0,1
882,668,899674.31,0.0,0,1,2390000.0,34.0,327320,9.0,0,1,2012.0,0,1
1308,478,12850000.0,0.0,0,0,2173000.0,29.0,213112,72.0,2,4,2012.0,1,0
1318,826,25000.0,0.0,0,1,362308.0,21.0,561720,0.0,1,4,2012.0,0,1
984,804,1010270.0,0.0,0,1,0.0,39.0,333132,15.0,0,4,2014.0,0,1
620,96,50000.0,0.0,0,0,300000.0,24.0,561311,2.0,3,4,2014.0,0,1
550,489,2250000.0,0.0,1,1,0.0,84.0,551114,36.0,0,2,2014.0,0,0
886,64,2374000.0,0.0,0,1,242661.0,23.0,445110,12.0,0,0,2014.0,0,1
834,565,3750000.0,0.0,0,1,1400000.0,16.0,541990,30.0,2,4,2013.0,0,0
538,23,750000.0,0.0,0,1,5604373.0,63.0,238140,4.0,0,4,2016.0,0,1
854,449,175000.0,0.0,1,0,3471000.0,180.0,484121,5.0,2,1,2015.0,0,1
1277,695,493509.0,0.0,0,1,12990959.0,52.0,332710,40.0,0,1,2015.0,0,0
211,130,150000.0,0.0,0,1,10159631.0,185.0,621340,0.0,0,4,2014.0,0,0
1183,856,645000.0,0.0,0,1,600221.0,15.0,312130,2.0,1,4,2014.0,0,0
966,20,329000.0,0.0,1,1,1369561.0,27.0,532111,3.0,0,2,2014.0,0,1
1139,544,89411.7,0.0,0,0,2348000.0,39.0,722513,27.0,0,4,2014.0,0,0
1336,334,558000.0,0.0,1,1,3053428.0,23.0,621210,0.0,0,3,2014.0,0,1
1338,546,200000.0,0.0,1,0,1236000.0,16.0,722513,5.0,0,4,2015.0,0,1
309,731,300000.0,0.0,0,1,26474000.0,38.0,441110,4.0,0,4,2014.0,0,0
980,450,301515.0,0.0,0,0,594921.0,17.0,722513,15.0,0,4,2014.0,0,1
802,87,800000.0,0.0,0,1,2941977.0,74.0,622210,10.0,2,4,2016.0,2,0
32,218,250000.0,0.0,0,0,5106430.0,55.0,721110,0.0,0,4,2014.0,0,0
517,395,348800.0,0.0,1,0,2181000.0,15.0,236220,1.0,0,3,2013.0,0,1
643,808,50000.0,0.0,1,0,0.0,70.0,722513,0.0,0,1,2014.0,0,1
501,406,945000.0,0.0,0,1,7807000.0,57.0,812332,0.0,0,4,2014.0,0,0
640,744,350000.0,0.0,0,0,31255000.0,106.0,541611,0.0,3,4,2014.0,0,1
585,820,250000.0,0.0,1,0,16700000.0,65.0,424210,2.0,3,4,2014.0,0,0
1433,282,41500.0,0.0,0,0,3783776.0,15.0,238220,0.0,2,4,2015.0,0,0
1056,666,1065250.0,0.0,0,0,109273.0,16.0,541511,10.0,2,1,2016.0,0,0
120,751,2000000.0,0.0,0,1,20657000.0,128.0,238210,8.0,0,4,2014.0,0,0
564,77,250000.0,0.0,1,0,546500.0,25.0,722511,5.0,2,1,2015.0,0,0
933,690,161458.0,0.0,0,1,900000.0,21.0,541990,10.0,2,4,2013.0,0,0
845,204,1800000.0,0.0,1,0,5787000.0,70.0,336612,15.0,4,3,2013.0,0,1
973,370,2200000.0,0.0,1,0,1972382.0,27.0,517110,5.0,0,1,2012.0,0,1
671,853,600000.0,0.0,0,1,1400000.0,18.0,611710,6.0,2,4,2014.0,0,0
293,714,625000.0,0.0,0,0,2070221.0,17.0,541511,4.0,0,4,2014.0,0,0
509,441,447626.0,0.0,0,0,3308849.0,40.0,532490,6.0,2,4,2014.0,0,0
839,444,4750000.0,0.0,0,1,0.0,20.0,212319,20.0,0,1,2016.0,0,0
1166,467,392000.0,0.0,0,1,2105000.0,16.0,333243,2.0,0,4,2014.0,0,0
485,344,996955.0,0.0,0,0,0.0,483.0,722511,65.0,0,4,2014.0,0,0
843,641,176610.0,0.0,1,0,35000000.0,100.0,445110,4.0,2,1,2013.0,0,1
872,492,673000.0,0.0,1,0,44200000.0,581.0,621420,13.0,0,2,2016.0,0,1
316,763,500000.0,0.0,0,0,22421054.0,688.0,812990,75.0,1,4,2014.0,0,0
1388,142,928000.0,0.0,0,1,1871489.0,18.0,484110,4.0,3,0,2014.0,0,0
273,585,300000.0,0.0,0,0,2495120.0,75.0,236115,35.0,0,4,2014.0,0,0
1133,431,2583532.0,0.0,0,1,240000.0,23.0,531120,7.0,0,4,2014.0,0,0
537,847,500000.0,0.0,0,1,1298409.0,15.0,722513,10.0,0,4,2016.0,0,1
967,800,400000.0,0.0,1,1,3686736.0,104.0,311812,10.0,0,1,2015.0,0,1
640,744,350000.0,0.0,0,0,31255000.0,106.0,541611,0.0,3,4,2014.0,0,1
701,503,243000.0,0.0,0,1,2600000.0,27.0,326199,4.0,0,3,2013.0,0,0
599,471,4090670.0,0.0,0,0,3338115.0,30.0,551112,0.0,2,2,2014.0,0,0
579,403,300000.0,0.0,0,1,5400000.0,17.0,325520,2.0,3,4,2014.0,0,1
1267,320,8300000.0,0.0,1,1,72365704.0,49.0,441110,3.0,0,0,2015.0,0,0
91,458,328605.0,0.0,0,1,1726512.0,30.0,722511,2.0,0,4,2014.0,0,0
648,583,791771.99,0.0,0,1,0.0,18.0,623312,10.0,0,2,2014.0,0,0
582,498,200000.0,0.0,0,1,1000200.0,20.0,811198,1.0,3,4,2014.0,0,0
636,621,100000.0,0.0,0,1,47413.76,19.0,533110,0.0,3,4,2014.0,0,1
468,214,600000.0,0.0,0,1,3563000.0,18.0,333111,5.0,0,4,2014.0,0,0
263,499,416526.0,0.0,1,1,2062000.0,37.0,621111,4.0,2,4,2014.0,0,0
193,762,1200000.0,0.0,0,1,7371000.0,72.0,484210,67.0,0,4,2014.0,0,0
876,7,525000.0,0.0,1,0,44200000.0,581.0,621420,0.0,0,2,2016.0,0,1
443,822,540000.0,0.0,0,0,1136018.0,45.0,722410,45.0,0,4,2014.0,0,0
1444,70,1215000.0,0.0,1,0,19424158.0,32.5,445110,0.0,2,2,2016.0,0,1
1064,667,2229973.0,0.0,0,1,467216.0,16.0,511210,7.0,2,4,2016.0,0,0
652,776,1642500.0,0.0,1,0,5651510.0,23.0,713990,10.0,0,1,2013.0,0,1
898,144,6500000.0,0.0,0,1,200358.0,18.0,541712,50.0,2,4,2015.0,0,0
398,626,250000.0,0.0,0,0,7905000.0,60.0,811192,0.0,0,4,2014.0,0,0
1072,646,2500000.0,0.0,0,1,2100000.0,20.0,711410,11.0,2,4,2016.0,0,0
879,176,400000.0,0.0,1,0,16500000.0,84.0,423990,70.0,2,1,2016.0,0,1
857,572,250000.0,0.0,0,1,2083901.0,26.0,238910,2.0,0,1,2015.0,0,1
1159,20,245000.0,0.0,0,1,1500000.0,30.0,722511,35.0,1,4,2014.0,0,0
33,634,250000.0,0.0,0,1,3809000.0,19.0,541990,14.0,0,4,2014.0,0,0
873,539,418000.0,0.0,1,1,0.0,20.0,445110,3.0,2,1,2016.0,0,1
1458,433,525000.0,0.0,1,0,16314880.0,39.0,331491,8.0,3,4,2012.0,0,1
165,491,1178000.0,0.0,0,1,686787.0,17.0,722513,7.0,1,4,2014.0,0,0
656,393,504000.0,0.0,1,1,882969.0,40.0,722511,19.0,0,0,2015.0,0,1
641,757,200000.0,0.0,0,1,3200000.0,48.0,561730,0.0,3,4,2014.0,0,1
456,106,168000.0,0.0,0,1,0.0,17.0,423620,11.0,0,4,2014.0,0,0
1383,678,2797787.0,0.0,1,1,67982803.0,529.0,721110,39.0,3,1,2015.0,0,0
1336,334,558000.0,0.0,1,1,3053428.0,23.0,621210,0.0,0,3,2014.0,0,1
195,762,500000.0,0.0,0,0,12238232.0,155.0,332322,16.0,0,4,2014.0,0,0
545,509,175000.0,1750.0,0,1,62332.0,15.0,722410,5.0,0,4,2014.0,0,0
966,20,329000.0,0.0,1,1,1369561.0,27.0,532111,3.0,0,2,2014.0,0,1
580,403,300000.0,0.0,0,1,8052000.0,50.0,541613,0.0,3,4,2014.0,0,0
848,152,1200000.0,0.0,1,0,17845399.0,230.0,334118,25.0,4,1,2014.0,0,1
968,127,150000.0,0.0,1,1,1854000.0,20.0,312112,4.0,0,3,2015.0,0,1
610,38,50000.0,0.0,0,0,237666.02,25.0,611110,0.0,2,4,2014.0,0,0
760,390,1765000.0,0.0,0,1,17284000.0,21.0,333517,15.0,0,3,2016.0,0,0
469,217,2500000.0,0.0,0,1,7977013.0,47.0,423110,50.0,0,4,2014.0,0,0
1079,772,116000.0,1740.0,0,1,2882703.0,54.0,812112,9.0,0,4,2014.0,0,0
894,474,500000.0,0.0,0,1,515115.0,45.0,333132,12.0,0,1,2017.0,0,1
1359,719,88000.0,0.0,1,1,1002865.0,15.0,611110,2.0,3,0,2013.0,0,0
376,10,600000.0,0.0,0,0,7741000.0,190.0,923120,35.0,0,4,2014.0,0,0
825,584,741031.0,0.0,1,0,5091550.0,24.0,523910,4.0,0,4,2015.0,0,0
868,201,40000.0,0.0,0,0,1450000.0,32.0,722511,25.0,0,0,2015.0,0,1
1037,545,5127734.0,0.0,0,1,9044859.0,126.0,621111,18.0,0,0,2015.0,0,0
153,476,1000000.0,0.0,0,1,7834000.0,80.0,484210,30.0,0,4,2014.0,0,0
1399,354,290000.0,0.0,0,1,14100000.0,88.0,332911,0.0,3,1,2015.0,0,0
655,9,700000.0,0.0,1,1,0.0,43.0,445110,23.0,1,4,2014.0,0,1
282,601,400000.0,0.0,0,0,8383968.0,83.0,611110,0.0,1,4,2014.0,0,0
1036,843,1024999.0,0.0,0,0,2495944.0,21.0,454113,0.0,2,4,2016.0,4,0
858,329,1400000.0,0.0,0,1,681457.0,42.0,722513,1.0,0,2,2015.0,0,1
535,431,1500000.0,0.0,0,0,39000000.0,19.0,236220,0.0,0,4,2016.0,0,1
1323,654,750000.0,0.0,0,0,14829456.0,65.0,334510,25.0,0,4,2015.0,0,1
1024,758,3442800.0,0.0,0,1,1534000.0,35.0,713940,35.0,0,4,2016.0,0,0
222,191,743800.21,0.0,0,1,8420000.0,28.0,236220,0.0,0,4,2014.0,0,0
417,35,125000.0,0.0,0,1,919657.0,16.0,236210,9.0,2,4,2014.0,0,0
626,181,1000000.0,0.0,0,1,0.0,16.0,541612,5.0,3,4,2014.0,0,1
506,484,225000.0,0.0,0,0,7949000.0,84.0,811192,0.0,0,4,2014.0,0,0
40,671,275000.0,0.0,0,1,508146.0,52.0,238140,0.0,0,4,2014.0,0,0
1317,399,755000.0,0.0,0,1,15700000.0,80.0,238910,30.0,0,4,2012.0,0,1
695,765,2000000.0,0.0,0,1,7290000.0,30.0,541810,15.0,0,4,2013.0,0,1
1199,604,460000.0,0.0,1,0,0.0,17.0,532120,1.0,0,1,2014.0,0,1
1105,584,100000.0,1500.0,0,1,3000000.0,44.0,484122,125.0,0,4,2014.0,0,0
629,176,350000.0,0.0,0,1,0.0,17.0,313310,0.0,3,4,2014.0,0,1
1058,709,21182.5,1270.95,0,1,1767067.0,65.0,713940,0.0,2,4,2017.0,0,0
1470,276,13490581.0,0.0,0,1,2566299.0,23.0,518210,18.0,0,0,2017.0,0,1
1255,119,2000000.0,0.0,0,1,4700000.0,56.0,541618,17.0,3,4,2015.0,0,0
778,90,63188.0,947.82,0,1,1600250.0,23.0,541618,5.0,0,1,2013.0,0,0
1465,760,1077561.0,0.0,0,0,0.0,15.5,445110,2.0,3,4,2016.0,0,0
1006,386,590000.0,0.0,1,1,10828188.0,75.0,333111,0.0,0,4,2014.0,0,1
112,707,1250000.0,0.0,0,1,8613831.0,120.0,541330,30.0,0,4,2014.0,0,0
418,575,160000.0,0.0,0,0,0.0,50.0,722511,10.0,0,4,2014.0,0,0
1457,681,226750.0,0.0,1,1,1574443.0,29.0,339999,12.0,2,4,2016.0,1,0
981,561,250000.0,0.0,1,1,533388.0,20.0,722511,5.0,0,4,2014.0,0,1
1471,11,2242000.0,0.0,0,1,3454231.0,16.0,621111,0.0,0,0,2017.0,0,1
851,323,400000.0,0.0,1,0,4978769.0,60.0,321918,20.0,2,1,2015.0,0,1
901,398,80000.0,0.0,0,1,3113227.0,16.0,453998,0.0,0,4,2011.0,0,1
440,767,1000000.0,0.0,0,0,2834589.0,30.0,236115,13.0,0,4,2014.0,0,0
983,841,400000.0,0.0,0,1,8600000.0,23.0,424990,5.0,0,1,2014.0,0,1
1461,447,1150000.0,0.0,0,1,13000000.0,54.0,321113,28.0,3,4,2015.0,0,0
524,240,396000.0,0.0,1,1,678081.0,20.0,561730,0.0,0,2,2016.0,0,1
719,42,570000.0,0.0,0,0,2993702.0,26.0,332510,5.0,0,3,2014.0,0,0
504,484,650000.0,0.0,0,1,4082000.0,19.0,238220,2.0,0,4,2014.0,0,0
438,758,250000.0,0.0,0,1,1089000.0,21.0,423840,17.0,0,4,2014.0,0,0
410,536,100000.0,0.0,0,1,3020192.0,18.0,238210,4.0,0,4,2014.0,0,0
126,826,50000.0,0.0,0,1,294885.0,15.0,454390,7.0,0,4,2014.0,0,0
487,12,700000.0,0.0,0,1,753000.0,15.0,531190,2.0,0,4,2014.0,0,0
847,717,1000000.0,0.0,0,0,1793000.0,20.0,312120,12.0,0,1,2014.0,0,1
517,395,348800.0,0.0,1,0,2181000.0,15.0,236220,1.0,0,3,2013.0,0,1
718,415,634915.0,0.0,0,1,2552000.0,35.0,812191,10.0,0,3,2014.0,0,1
129,80,150000.0,0.0,0,1,376000.0,24.0,111333,0.0,0,4,2014.0,0,0
643,808,50000.0,0.0,1,0,0.0,70.0,722513,0.0,0,1,2014.0,0,1
900,398,225000.0,0.0,0,1,3113227.0,16.0,453998,0.0,0,4,2011.0,0,1
645,497,3716927.24,0.0,0,1,1389244.0,27.0,811192,25.0,0,2,2014.0,0,0
894,474,500000.0,0.0,0,1,515115.0,45.0,333132,12.0,0,1,2017.0,0,1
81,361,1500000.0,0.0,0,1,19800594.0,482.0,624190,12.0,2,4,2014.0,0,0
102,627,175000.0,0.0,0,1,662024.0,24.0,111335,0.0,0,4,2014.0,0,0
538,23,750000.0,0.0,0,1,5604373.0,63.0,238140,4.0,0,4,2016.0,0,1
694,737,100000.0,0.0,0,1,13842211.0,90.0,445110,20.0,0,1,2013.0,0,1
844,67,1300000.0,0.0,0,1,1350417.0,44.0,624410,0.0,0,3,2013.0,0,1
80,361,250000.0,0.0,0,1,2838701.0,16.0,524210,10.0,0,4,2014.0,0,0
867,166,1107905.79,0.0,0,1,25296805.0,76.0,424470,0.0,0,3,2015.0,0,1
1246,232,760000.0,0.0,0,0,508547.0,20.0,721110,8.0,3,0,2014.0,0,0
762,640,3000000.0,0.0,0,1,17291700.0,27.0,423840,0.0,0,3,2016.0,0,0
28,274,605000.0,0.0,0,0,4309000.0,49.0,311999,7.0,0,4,2014.0,0,0
978,385,642570.0,0.0,0,1,2197589.0,28.0,446199,6.0,0,4,2014.0,0,1
1317,399,755000.0,0.0,0,1,15700000.0,80.0,238910,30.0,0,4,2012.0,0,1
652,776,1642500.0,0.0,1,0,5651510.0,23.0,713990,10.0,0,1,2013.0,0,1
636,621,100000.0,0.0,0,1,47413.76,19.0,533110,0.0,3,4,2014.0,0,1
326,818,500000.0,0.0,0,0,3468000.0,15.0,446199,5.0,0,4,2014.0,0,0
1471,11,2242000.0,0.0,0,1,3454231.0,16.0,621111,0.0,0,0,2017.0,0,1
1412,825,1000000.0,0.0,0,1,11821255.0,40.0,238160,20.0,2,4,2012.0,0,0
652,776,1642500.0,0.0,1,0,5651510.0,23.0,713990,10.0,0,1,2013.0,0,1
1338,546,200000.0,0.0,1,0,1236000.0,16.0,722513,5.0,0,4,2015.0,0,1
848,152,1200000.0,0.0,1,0,17845399.0,230.0,334118,25.0,4,1,2014.0,0,1
852,372,750000.0,0.0,1,0,0.0,35.0,321918,17.0,2,1,2015.0,0,1
1340,416,1840000.0,0.0,1,1,2279955.0,21.0,621492,13.0,0,4,2016.0,0,1
631,304,200000.0,0.0,0,1,0.0,17.0,511210,4.0,3,4,2014.0,0,1
204,834,1233000.0,0.0,0,1,8534000.0,25.0,621111,0.0,0,4,2014.0,0,0
890,569,1800034.0,0.0,0,1,584000.0,19.0,541519,0.0,2,4,2017.0,0,0
659,323,7400000.0,0.0,0,0,449662.0,17.0,511210,5.0,2,4,2016.0,0,0
707,676,1206000.0,0.0,0,1,7337000.0,15.0,424450,10.0,0,3,2017.0,0,0
884,322,3187500.0,0.0,1,0,3012000.0,21.0,238310,29.0,0,2,2014.0,0,1
312,746,500000.0,0.0,0,0,3464805.0,35.0,236115,16.0,0,4,2014.0,0,0
858,329,1400000.0,0.0,0,1,681457.0,42.0,722513,1.0,0,2,2015.0,0,1
938,468,1000000.0,0.0,0,1,2800000.0,35.0,236210,9.0,2,4,2014.0,0,0
1427,393,1483670.0,0.0,0,0,4608262.0,20.0,311821,10.0,0,2,2015.0,0,1
674,652,600000.0,0.0,0,0,5600000.0,52.0,511210,0.0,2,4,2014.0,1,0
1125,362,375000.0,0.0,0,1,1905177.0,21.0,532490,5.0,0,4,2014.0,0,0
538,23,750000.0,0.0,0,1,5604373.0,63.0,238140,4.0,0,4,2016.0,0,1
823,689,2073250.0,0.0,1,0,2880426.0,26.0,332410,0.0,2,4,2016.0,0,0
1441,21,1820000.0,0.0,0,1,2326320.0,75.0,113310,15.0,0,2,2016.0,0,1
880,283,974000.0,0.0,1,1,10100000.0,62.0,713930,9.0,0,1,2016.0,0,1
607,367,150000.0,0.0,0,0,0.0,18.0,321918,2.0,3,4,2014.0,0,0
650,845,250000.0,0.0,1,1,2677478.0,25.0,444210,1.0,0,1,2012.0,0,1
1197,534,3105000.0,0.0,0,0,0.0,51.0,447110,3.0,0,2,2014.0,0,1
631,304,200000.0,0.0,0,1,0.0,17.0,511210,4.0,3,4,2014.0,0,1
984,804,1010270.0,0.0,0,1,0.0,39.0,333132,15.0,0,4,2014.0,0,1
731,708,600000.0,0.0,0,0,3122856.0,17.0,333517,4.0,0,1,2014.0,0,0
638,604,100000.0,0.0,0,1,110000.0,22.0,561730,0.0,3,4,2014.0,0,1
1470,276,13490581.0,0.0,0,1,2566299.0,23.0,518210,18.0,0,0,2017.0,0,1
1097,239,324000.0,0.0,0,0,1691020.0,20.0,236220,2.5,0,4,2014.0,0,0
1476,344,1035000.0,0.0,1,1,1400000.0,35.0,531120,0.0,0,2,2017.0,0,1
1323,654,750000.0,0.0,0,0,14829456.0,65.0,334510,25.0,0,4,2015.0,0,1
152,403,250000.0,0.0,0,1,743000.0,34.0,445210,20.0,0,4,2014.0,0,0
820,337,12852843.0,0.0,1,1,7100000.0,19.0,112120,6.0,0,4,2015.0,0,0
716,317,1186175.0,0.0,0,0,3500000.0,20.0,339991,10.0,0,1,2013.0,0,0
401,32,2450000.0,0.0,0,1,1834000.0,17.0,811121,2.0,0,4,2014.0,0,0
1446,316,850000.0,0.0,0,0,5596102.0,58.0,562920,7.0,2,1,2016.0,0,0
637,580,240000.0,0.0,0,0,1900000.0,15.0,332510,2.0,3,4,2014.0,0,1
693,737,412500.0,0.0,0,1,13842211.0,90.0,445110,20.0,0,1,2013.0,0,1
455,102,100000.0,0.0,0,1,0.0,56.0,722511,50.0,0,4,2014.0,0,0
656,393,504000.0,0.0,1,1,882969.0,40.0,722511,19.0,0,0,2015.0,0,1
304,695,400000.0,0.0,0,0,0.0,27.0,722511,30.0,0,4,2014.0,0,0
1468,737,2498378.0,0.0,1,1,12848690.0,16.0,441120,2.5,0,3,2013.0,0,1
380,428,650000.0,0.0,0,1,4082000.0,19.0,238220,2.0,0,4,2014.0,0,0
966,20,329000.0,0.0,1,1,1369561.0,27.0,532111,3.0,0,2,2014.0,0,1
1471,11,2242000.0,0.0,0,1,3454231.0,16.0,621111,0.0,0,0,2017.0,0,1
876,7,525000.0,0.0,1,0,44200000.0,581.0,621420,0.0,0,2,2016.0,0,1
970,718,125000.0,0.0,1,1,2008210.0,44.0,722320,4.0,0,4,2016.0,0,1
872,492,673000.0,0.0,1,0,44200000.0,581.0,621420,13.0,0,2,2016.0,0,1
183,723,55000.0,0.0,0,0,761733.0,44.0,339920,4.0,0,4,2014.0,0,0
1336,334,558000.0,0.0,1,1,3053428.0,23.0,621210,0.0,0,3,2014.0,0,1
1006,386,590000.0,0.0,1,1,10828188.0,75.0,333111,0.0,0,4,2014.0,0,1
1238,802,300000.0,0.0,1,1,6187543.0,130.0,337110,5.0,3,4,2015.0,0,0
49,775,300000.0,0.0,0,1,5754652.0,70.0,311611,30.0,0,4,2014.0,0,0
846,308,500000.0,0.0,1,0,7902361.0,66.0,334519,5.0,2,4,2013.0,0,1
232,223,550000.0,0.0,0,0,7209000.0,380.0,812990,80.0,0,4,2014.0,0,0
666,832,7354800.0,0.0,0,1,79558.0,20.0,334614,0.0,2,4,2016.0,0,0
370,411,650000.0,0.0,0,0,1350000.0,15.0,721110,3.0,0,4,2014.0,0,0
1012,292,1386365.4,0.0,0,0,947500.0,15.0,541690,15.0,0,0,2013.0,0,0
1203,256,200000.0,0.0,1,0,0.0,17.0,532120,0.0,0,1,2014.0,0,1
477,290,250000.0,0.0,0,1,2084000.0,25.0,331221,4.0,2,4,2014.0,0,0
429,795,500000.0,0.0,0,1,4035000.0,28.0,238990,2.0,0,4,2014.0,0,0
960,272,500000.0,0.0,0,0,316433.0,15.0,541720,6.0,2,4,2017.0,4,0
970,718,125000.0,0.0,1,1,2008210.0,44.0,722320,4.0,0,4,2016.0,0,1
1337,334,215000.0,0.0,1,1,3053428.0,23.0,621210,0.0,0,3,2014.0,0,1
1046,573,2000000.0,0.0,0,0,7500.0,15.0,488490,3.0,2,4,2016.0,0,0
605,836,1000000.0,0.0,0,0,8600000.0,107.0,488999,0.0,3,4,2014.0,0,1
524,240,396000.0,0.0,1,1,678081.0,20.0,561730,0.0,0,2,2016.0,0,1
859,674,350000.0,0.0,1,1,32800.0,64.0,445310,10.0,0,0,2015.0,0,1
368,59,825000.0,0.0,0,1,3361000.0,90.0,485320,7.0,0,4,2014.0,0,0
632,360,950000.0,0.0,1,1,1624000.0,19.0,336360,5.0,0,4,2014.0,0,1
1075,186,125000.0,0.0,0,1,700000.0,18.0,711211,11.0,2,1,2016.0,1,0
1320,301,313000.0,0.0,0,0,10301000.0,436.0,561720,14.0,0,1,2015.0,0,1
619,682,750000.0,0.0,0,1,1989037.0,21.0,238990,0.0,3,4,2014.0,0,1
19,110,290000.0,0.0,0,1,928000.0,25.0,541219,8.0,0,4,2014.0,0,0
602,595,200000.0,0.0,0,0,450000.0,30.0,621610,1.0,3,4,2014.0,0,1
1009,691,249722.0,0.0,0,0,1208000.0,19.0,722511,0.0,0,4,2015.0,0,0
1011,836,2500000.0,0.0,0,1,2796000.0,16.0,531120,16.0,0,2,2015.0,0,0
1297,354,3849425.0,0.0,0,0,34105000.0,97.0,446110,17.0,2,4,2016.0,0,0
1107,769,52000.0,780.0,0,0,4242000.0,22.0,238210,0.0,0,4,2014.0,0,0
634,441,200000.0,0.0,0,1,75000.0,19.0,541512,3.0,3,4,2014.0,0,1
981,561,250000.0,0.0,1,1,533388.0,20.0,722511,5.0,0,4,2014.0,0,1
663,747,1220000.0,0.0,0,0,287941.0,17.0,335999,3.0,2,4,2016.0,4,0
633,409,350000.0,0.0,0,0,2800000.0,19.0,237110,2.0,3,4,2014.0,0,1
885,841,500000.0,0.0,0,0,153541.0,38.0,424460,10.0,0,4,2017.0,0,1
522,618,391500.0,0.0,0,1,2385798.0,47.0,621610,0.0,0,2,2016.0,0,1
909,694,1564500.0,0.0,0,0,4300000.0,26.0,331222,10.0,0,4,2014.0,0,1
182,723,250000.0,0.0,0,1,12105000.0,25.0,424410,3.0,0,4,2014.0,0,0
647,636,262000.0,0.0,0,1,886700.0,39.0,621610,38.0,2,2,2014.0,0,0
1462,701,250000.0,0.0,0,0,2021909.0,23.0,311919,0.0,2,4,2014.0,1,0
1439,623,1750000.0,0.0,0,0,11346171.0,64.0,311821,0.0,2,1,2015.0,0,0
385,469,3600000.0,0.0,0,0,1680000.0,685.0,623220,95.5,0,4,2014.0,0,0
532,403,1000000.0,0.0,0,0,17613309.0,18.0,236115,51.4,0,4,2016.0,0,1
973,370,2200000.0,0.0,1,0,1972382.0,27.0,517110,5.0,0,1,2012.0,0,1
916,755,4100000.0,0.0,0,1,789809.0,17.0,334220,5.0,2,4,2015.0,0,0
873,539,418000.0,0.0,1,1,0.0,20.0,445110,3.0,2,1,2016.0,0,1
306,720,180000.0,0.0,0,1,0.0,25.0,812112,9.0,0,4,2014.0,0,0
1427,393,1483670.0,0.0,0,0,4608262.0,20.0,311821,10.0,0,2,2015.0,0,1
634,441,200000.0,0.0,0,1,75000.0,19.0,541512,3.0,3,4,2014.0,0,1
652,776,1642500.0,0.0,1,0,5651510.0,23.0,713990,10.0,0,1,2013.0,0,1
1363,173,225000.0,0.0,0,1,8466000.0,75.0,332911,15.0,0,0,2015.0,0,0
863,336,875000.0,0.0,0,1,0.0,25.0,722511,25.0,0,1,2015.0,0,1
1175,279,1467000.0,0.0,0,1,130878.0,46.0,531120,0.0,0,4,2014.0,0,0
703,599,6250000.0,0.0,0,0,1989096.0,33.0,711130,7.0,0,3,2013.0,0,0
1271,453,835000.0,0.0,0,0,15638804.0,32.0,238990,1.5,1,1,2015.0,0,0
990,464,225000.0,0.0,0,0,2700000.0,20.0,453220,0.0,0,3,2012.0,0,0
1343,539,6000000.0,0.0,1,1,11000000.0,40.0,445110,40.0,0,0,2014.0,0,0
255,439,100000.0,0.0,0,0,12738000.0,270.0,561612,150.0,0,4,2014.0,0,0
266,330,50000.0,0.0,0,0,1928698.0,35.0,445291,10.0,0,4,2014.0,0,0
969,180,100000.0,0.0,1,1,3230451.0,49.0,722511,0.0,0,4,2015.0,0,1
883,826,425000.0,0.0,1,1,3000705.0,22.0,339950,5.0,0,4,2013.0,0,1
1337,334,215000.0,0.0,1,1,3053428.0,23.0,621210,0.0,0,3,2014.0,0,1
605,836,1000000.0,0.0,0,0,8600000.0,107.0,488999,0.0,3,4,2014.0,0,1
892,623,5300000.0,0.0,0,1,3692343.0,57.0,722320,13.0,2,4,2016.0,1,0
158,459,350000.0,0.0,0,1,2422000.0,90.0,624110,30.0,0,4,2014.0,0,0
302,687,850000.0,0.0,0,1,3534000.0,30.0,336413,15.0,0,4,2014.0,0,0
861,724,1240000.0,0.0,0,1,8765000.0,56.0,332710,0.0,0,3,2015.0,0,1
894,474,500000.0,0.0,0,1,515115.0,45.0,333132,12.0,0,1,2017.0,0,1
1476,344,1035000.0,0.0,1,1,1400000.0,35.0,531120,0.0,0,2,2017.0,0,1
389,559,690000.0,0.0,0,1,3824472.0,23.0,334419,25.0,0,4,2014.0,0,0
684,175,685000.0,0.0,0,1,5159000.0,29.0,332420,4.0,0,1,2012.0,0,0
349,139,250000.0,0.0,0,1,4601000.0,55.0,238990,0.0,0,4,2014.0,0,0
1316,229,325000.0,0.0,0,0,1000000.0,17.0,238210,8.0,0,4,2014.0,0,1
1200,123,2480000.0,0.0,0,1,0.0,19.0,447110,0.0,0,2,2016.0,0,1
1323,654,750000.0,0.0,0,0,14829456.0,65.0,334510,25.0,0,4,2015.0,0,1
185,309,3900000.0,0.0,0,0,38417182.0,80.0,452990,10.0,0,4,2014.0,0,0
490,347,100000.0,0.0,0,1,2023000.0,23.0,713940,0.0,2,4,2014.0,0,0
883,826,425000.0,0.0,1,1,3000705.0,22.0,339950,5.0,0,4,2013.0,0,1
884,322,3187500.0,0.0,1,0,3012000.0,21.0,238310,29.0,0,2,2014.0,0,1
524,240,396000.0,0.0,1,1,678081.0,20.0,561730,0.0,0,2,2016.0,0,1
1353,445,1760000.0,0.0,0,1,6302348.0,30.0,523991,5.0,0,2,2015.0,0,0
247,377,250000.0,0.0,0,1,1834000.0,40.0,722511,25.0,0,4,2014.0,0,0
1452,183,3634000.0,0.0,1,1,7747381.0,42.0,423120,10.0,2,1,2013.0,0,0
654,115,250000.0,0.0,1,0,2201073.0,18.0,237990,6.0,1,1,2014.0,0,1
1477,470,500000.0,0.0,1,1,2035337.0,23.0,333111,30.0,0,4,2017.0,0,1
732,708,40000.0,0.0,0,1,2764500.0,17.0,333993,4.0,3,3,2014.0,0,0
1221,407,1800000.0,0.0,0,1,7588284.0,70.0,453220,0.0,2,0,2011.0,0,0
988,423,449272.9,0.0,0,1,14000000.0,33.0,447110,1.0,0,2,2011.0,0,0
641,757,200000.0,0.0,0,1,3200000.0,48.0,561730,0.0,3,4,2014.0,0,1
447,113,40000.0,0.0,0,0,1638000.0,23.0,722513,0.0,0,4,2014.0,0,0
925,706,333333.0,0.0,0,1,2161000.0,17.0,511210,0.0,2,4,2015.0,1,0
1237,215,3225000.0,0.0,0,1,30200000.0,266.0,611310,75.0,0,4,2013.0,0,0
638,604,100000.0,0.0,0,1,110000.0,22.0,561730,0.0,3,4,2014.0,0,1
1070,795,500000.0,24700.0,0,0,5009156.0,71.0,611110,34.0,3,4,2016.0,0,0
642,757,300000.0,0.0,0,1,0.0,15.0,238990,0.0,3,4,2014.0,0,1
901,398,80000.0,0.0,0,1,3113227.0,16.0,453998,0.0,0,4,2011.0,0,1
838,791,2345000.0,0.0,0,0,0.0,16.0,334111,40.0,2,4,2015.0,0,0
145,348,200000.0,0.0,0,1,620000.0,160.0,238310,20.0,0,4,2014.0,0,0
843,641,176610.0,0.0,1,0,35000000.0,100.0,445110,4.0,2,1,2013.0,0,1
395,31,800000.0,0.0,0,1,7448154.0,78.0,238110,15.0,0,4,2014.0,0,0
918,781,423000.0,0.0,0,0,7111597.0,50.0,323111,2.0,0,1,2015.0,0,1
878,143,1000000.0,0.0,1,0,44300208.0,648.0,621420,27.0,0,2,2016.0,0,1
537,847,500000.0,0.0,0,1,1298409.0,15.0,722513,10.0,0,4,2016.0,0,1
944,66,300000.0,0.0,0,1,1160000.0,18.0,722511,12.0,2,4,2014.0,0,1
654,115,250000.0,0.0,1,0,2201073.0,18.0,237990,6.0,1,1,2014.0,0,1
1272,568,11980835.0,0.0,0,1,5883034.0,64.0,621320,16.5,0,2,2012.0,0,0
1360,732,3050000.0,0.0,1,1,29718931.0,67.0,111998,12.0,0,0,2015.0,0,0
332,853,400000.0,0.0,0,0,1364000.0,77.0,611710,20.0,0,4,2014.0,0,0
631,304,200000.0,0.0,0,1,0.0,17.0,511210,4.0,3,4,2014.0,0,1
573,251,6605000.0,0.0,0,1,7733426.0,35.0,488119,15.0,2,2,2014.0,0,0
855,505,657000.0,0.0,1,1,760750.0,26.0,611110,5.0,0,4,2015.0,0,1
1350,277,401200.0,0.0,1,1,9959000.0,109.0,315110,17.0,0,4,2015.0,0,0
1203,256,200000.0,0.0,1,0,0.0,17.0,532120,0.0,0,1,2014.0,0,1
521,474,3149999.0,0.0,0,1,7695975.0,42.0,238160,8.0,0,0,2016.0,0,1
268,537,100000.0,0.0,0,0,3090000.0,25.0,445210,5.0,0,4,2014.0,0,0
1427,393,1483670.0,0.0,0,0,4608262.0,20.0,311821,10.0,0,2,2015.0,0,1
1200,123,2480000.0,0.0,0,1,0.0,19.0,447110,0.0,0,2,2016.0,0,1
148,356,200000.0,0.0,0,1,4005000.0,80.0,722511,0.0,0,4,2014.0,0,0
287,36,2000000.0,0.0,0,0,563000.0,60.0,624210,52.0,2,4,2014.0,0,0
594,104,871000.0,0.0,0,1,0.0,16.0,713940,2.0,2,0,2014.0,0,0
970,718,125000.0,0.0,1,1,2008210.0,44.0,722320,4.0,0,4,2016.0,0,1
1474,309,500000.0,0.0,1,1,5302293.0,41.0,213112,7.5,0,4,2014.0,0,1
695,765,2000000.0,0.0,0,1,7290000.0,30.0,541810,15.0,0,4,2013.0,0,1
242,258,200000.0,0.0,0,1,4211240.0,15.0,444190,3.0,0,4,2014.0,0,0
1206,828,3285980.0,0.0,0,1,5428883.0,44.0,711110,22.0,2,1,2015.0,0,0
944,66,300000.0,0.0,0,1,1160000.0,18.0,722511,12.0,2,4,2014.0,0,1
324,800,250000.0,0.0,0,0,221000.0,15.0,611710,11.0,0,4,2014.0,0,0
1342,494,400000.0,0.0,1,1,6163000.0,26.0,424420,2.0,0,3,2014.0,0,1
996,756,222560.0,0.0,1,1,3064362.0,35.0,721110,0.0,0,4,2012.0,0,0
1330,539,750000.0,0.0,0,1,16817955.0,230.0,722513,14.0,0,0,2015.0,0,1
676,801,120000.0,0.0,0,1,441958.0,16.0,812990,4.0,0,2,2012.0,0,0
861,724,1240000.0,0.0,0,1,8765000.0,56.0,332710,0.0,0,3,2015.0,0,1
1196,529,400000.0,0.0,0,1,0.0,17.0,238130,5.0,0,4,2014.0,0,1
539,96,150000.0,0.0,0,1,3589331.0,35.0,722310,5.0,0,0,2016.0,0,1
319,331,125000.0,0.0,0,0,2605505.0,25.0,445291,10.0,0,4,2014.0,0,0
1322,502,4950000.0,0.0,0,1,9798075.0,27.0,312140,12.0,0,1,2015.0,0,1
1323,654,750000.0,0.0,0,0,14829456.0,65.0,334510,25.0,0,4,2015.0,0,1
971,827,300000.0,0.0,1,1,445360.0,15.0,236220,8.0,0,0,2016.0,0,1
614,449,100000.0,0.0,0,0,348000.0,18.0,485510,3.0,3,4,2014.0,0,1
486,374,300000.0,0.0,0,0,3882000.0,30.0,811198,3.0,0,4,2014.0,0,0
978,385,642570.0,0.0,0,1,2197589.0,28.0,446199,6.0,0,4,2014.0,0,1
1198,564,500000.0,0.0,1,0,5270967.0,64.0,311942,10.0,0,4,2016.0,0,1
896,73,1240000.0,0.0,1,1,14847047.0,61.0,444190,5.0,0,4,2016.0,0,1
1142,642,701182.0,0.0,0,1,37000.0,124.0,621399,57.0,0,4,2014.0,0,0
100,545,350000.0,0.0,0,0,7188524.0,45.0,238320,0.0,0,4,2014.0,0,0
869,201,700000.0,0.0,0,1,7643764.0,28.0,423860,2.0,0,3,2015.0,0,1
1459,729,2152947.0,0.0,1,1,2762166.0,35.0,541990,5.0,3,0,2016.0,0,1
861,724,1240000.0,0.0,0,1,8765000.0,56.0,332710,0.0,0,3,2015.0,0,1
537,847,500000.0,0.0,0,1,1298409.0,15.0,722513,10.0,0,4,2016.0,0,1
194,762,450000.0,0.0,0,0,2814036.0,48.0,624221,12.0,0,4,2014.0,0,0
842,481,47500.0,0.0,1,1,1800000.0,27.0,237130,4.0,2,4,2012.0,0,1
919,750,2800000.0,0.0,0,1,5913407.0,39.0,541712,8.0,2,4,2015.0,0,0
1432,171,82500.0,0.0,0,0,3783776.0,15.0,238220,0.0,2,4,2015.0,0,0
982,841,1520000.0,0.0,0,1,8600000.0,23.0,424990,5.0,0,2,2014.0,0,1
889,821,47326.87,0.0,0,1,176169.0,15.0,562111,2.0,0,1,2014.0,0,1
1371,610,1041400.0,0.0,1,1,2084110.0,19.0,321911,4.0,3,1,2015.0,0,0
1477,470,500000.0,0.0,1,1,2035337.0,23.0,333111,30.0,0,4,2017.0,0,1
1291,85,937500.0,0.0,0,0,10168387.0,98.0,512110,14.0,2,4,2016.0,0,0
340,87,381000.0,0.0,0,1,5576970.0,28.0,333993,5.0,0,4,2014.0,0,0
543,854,150000.0,0.0,0,0,871936.0,15.0,311520,7.0,0,4,2016.0,0,1
1194,390,2460000.0,0.0,0,1,657288.0,17.0,611110,4.0,0,2,2015.0,0,1
1342,494,400000.0,0.0,1,1,6163000.0,26.0,424420,2.0,0,3,2014.0,0,1
378,426,1000000.0,0.0,0,0,1680000.0,480.0,623220,95.5,0,4,2014.0,0,0
624,192,1320140.0,0.0,0,1,6886949.0,165.0,722513,5.0,2,2,2014.0,0,0
641,757,200000.0,0.0,0,1,3200000.0,48.0,561730,0.0,3,4,2014.0,0,1
64,275,650000.0,0.0,0,0,6876000.0,49.0,311400,7.0,0,4,2014.0,0,0
1065,816,6000000.0,0.0,0,1,308231.0,30.0,511210,22.0,2,4,2016.0,0,0
800,299,240550.0,0.0,0,1,228758.0,18.0,611710,6.0,2,4,2016.0,0,0
1096,226,600000.0,0.0,0,1,1423054.0,25.0,561730,5.0,0,4,2014.0,0,0
894,474,500000.0,0.0,0,1,515115.0,45.0,333132,12.0,0,1,2017.0,0,1
551,545,200000.0,0.0,0,0,647000.0,40.0,238210,0.0,0,4,2014.0,0,0
630,240,350000.0,0.0,0,1,1300000.0,25.0,238330,0.0,3,4,2014.0,0,1
918,781,423000.0,0.0,0,0,7111597.0,50.0,323111,2.0,0,1,2015.0,0,1
886,64,2374000.0,0.0,0,1,242661.0,23.0,445110,12.0,0,0,2014.0,0,1
683,107,5500000.0,0.0,0,0,211077000.0,226.0,423110,12.0,0,4,2012.0,0,0
517,395,348800.0,0.0,1,0,2181000.0,15.0,236220,1.0,0,3,2013.0,0,1
248,379,225000.0,0.0,0,0,5786000.0,75.0,811192,0.0,0,4,2014.0,0,0
865,72,304500.0,0.0,0,1,0.0,40.0,713120,40.0,2,1,2015.0,0,1
1473,537,425000.0,0.0,1,1,6970767.0,25.0,213112,14.0,0,1,2014.0,0,1
1443,580,1900251.0,0.0,0,1,3067723.0,16.0,811121,0.0,0,2,2016.0,0,1
1171,63,295000.0,0.0,0,0,4750411.0,16.0,444110,4.0,0,4,2014.0,0,0
621,224,500000.0,0.0,0,0,670521.0,25.0,321999,7.0,3,4,2014.0,0,1
1041,385,6393000.0,0.0,0,1,17764928.0,46.0,423910,36.0,0,3,2016.0,0,0
472,225,375000.0,0.0,0,0,2834589.0,20.0,236115,13.0,0,4,2014.0,0,0
1459,729,2152947.0,0.0,1,1,2762166.0,35.0,541990,5.0,3,0,2016.0,0,1
636,621,100000.0,0.0,0,1,47413.76,19.0,533110,0.0,3,4,2014.0,0,1
983,841,400000.0,0.0,0,1,8600000.0,23.0,424990,5.0,0,1,2014.0,0,1
850,349,2245000.0,0.0,1,0,25559148.0,115.0,336370,15.0,0,3,2014.0,0,1
660,575,6000000.0,0.0,0,1,2071649.0,17.0,511210,0.0,2,4,2016.0,0,0
867,166,1107905.79,0.0,0,1,25296805.0,76.0,424470,0.0,0,3,2015.0,0,1
1134,443,816000.0,0.0,0,0,61742.0,20.0,531120,5.0,0,4,2014.0,0,0
114,707,300000.0,0.0,0,1,3587677.0,26.0,446120,0.0,0,4,2014.0,0,0
1444,70,1215000.0,0.0,1,0,19424158.0,32.5,445110,0.0,2,2,2016.0,0,1
1336,334,558000.0,0.0,1,1,3053428.0,23.0,621210,0.0,0,3,2014.0,0,1
1366,361,705000.0,0.0,1,1,5211000.0,35.0,337211,8.0,2,1,2015.0,0,0
521,474,3149999.0,0.0,0,1,7695975.0,42.0,238160,8.0,0,0,2016.0,0,1
1122,234,375000.0,0.0,0,0,1452000.0,18.0,332710,3.0,0,4,2014.0,0,0
976,311,1025000.0,0.0,0,1,418000.0,16.0,621111,0.0,0,0,2013.0,0,1
25,182,100000.0,0.0,0,1,761000.0,15.0,611519,0.0,0,4,2014.0,0,0
121,751,1000000.0,0.0,0,0,8068000.0,49.0,311999,7.0,0,4,2014.0,0,0
866,87,189009.0,0.0,0,1,0.0,15.0,722511,0.0,2,0,2015.0,0,1
292,709,2000000.0,0.0,0,1,20175222.0,119.0,238290,5.0,0,4,2014.0,0,0
1220,165,3080301.48,0.0,0,1,0.0,18.0,541712,6.0,2,4,2014.0,0,0
694,737,100000.0,0.0,0,1,13842211.0,90.0,445110,20.0,0,1,2013.0,0,1
1322,502,4950000.0,0.0,0,1,9798075.0,27.0,312140,12.0,0,1,2015.0,0,1
510,441,440000.0,0.0,0,1,3067000.0,16.0,484110,30.0,0,4,2014.0,0,0
633,409,350000.0,0.0,0,0,2800000.0,19.0,237110,2.0,3,4,2014.0,0,1
868,201,40000.0,0.0,0,0,1450000.0,32.0,722511,25.0,0,0,2015.0,0,1
630,240,350000.0,0.0,0,1,1300000.0,25.0,238330,0.0,3,4,2014.0,0,1
712,43,60000.0,0.0,0,1,6946319.0,45.0,238150,9.0,3,4,2013.0,0,0
842,481,47500.0,0.0,1,1,1800000.0,27.0,237130,4.0,2,4,2012.0,0,1
393,506,1000000.0,0.0,0,0,9167000.0,153.0,541330,0.0,0,4,2014.0,0,0
313,746,1000000.0,0.0,0,0,3464805.0,35.0,236115,16.0,0,4,2014.0,0,0
570,477,100000.0,0.0,0,1,3500000.0,18.0,561621,4.0,3,4,2014.0,0,0
628,148,350000.0,0.0,0,1,1700000.0,15.0,541613,0.0,3,4,2014.0,0,1
977,359,272420.0,0.0,0,1,11560000.0,124.0,335999,15.0,0,4,2014.0,0,1
1468,737,2498378.0,0.0,1,1,12848690.0,16.0,441120,2.5,0,3,2013.0,0,1
388,559,100000.0,0.0,0,1,45000.0,16.0,722515,12.0,1,4,2014.0,0,0
329,289,295000.0,0.0,0,1,2189493.0,37.0,722511,15.0,0,4,2014.0,0,0
753,303,40000.0,0.0,0,0,4514914.0,35.0,326199,10.0,3,2,2015.0,0,0
1066,829,525000.0,0.0,0,1,1900000.0,26.0,611420,7.0,2,4,2016.0,1,0
677,807,1730000.0,0.0,0,1,19334000.0,37.0,445299,35.0,0,3,2012.0,0,0
1473,537,425000.0,0.0,1,1,6970767.0,25.0,213112,14.0,0,1,2014.0,0,1
982,841,1520000.0,0.0,0,1,8600000.0,23.0,424990,5.0,0,2,2014.0,0,1
868,201,40000.0,0.0,0,0,1450000.0,32.0,722511,25.0,0,0,2015.0,0,1
1197,534,3105000.0,0.0,0,0,0.0,51.0,447110,3.0,0,2,2014.0,0,1
909,694,1564500.0,0.0,0,0,4300000.0,26.0,331222,10.0,0,4,2014.0,0,1
520,643,80000.0,0.0,0,0,1167062.0,16.0,722513,2.0,0,4,2016.0,0,1
1324,133,450000.0,0.0,0,1,12805871.0,123.0,312140,20.0,0,1,2015.0,0,1
1199,604,460000.0,0.0,1,0,0.0,17.0,532120,1.0,0,1,2014.0,0,1
1373,686,2952723.0,0.0,1,0,50100000.0,128.0,424480,20.0,3,1,2015.0,0,0
880,283,974000.0,0.0,1,1,10100000.0,62.0,713930,9.0,0,1,2016.0,0,1
879,176,400000.0,0.0,1,0,16500000.0,84.0,423990,70.0,2,1,2016.0,0,1
1194,390,2460000.0,0.0,0,1,657288.0,17.0,611110,4.0,0,2,2015.0,0,1
1395,839,707500.0,0.0,1,1,7365519.0,31.0,423990,54.0,3,2,2016.0,0,0
14,764,80000.0,0.0,0,1,1182000.0,25.0,811211,5.0,3,4,2014.0,0,0
1181,680,570000.0,0.0,1,1,162983.0,30.0,621399,22.0,0,4,2014.0,0,0
924,474,333333.0,0.0,0,1,2161000.0,17.0,511210,0.0,2,4,2015.0,1,0
965,64,50000.0,0.0,0,1,158200.0,19.0,447110,3.0,0,4,2014.0,0,1
475,246,952000.0,0.0,0,0,20308343.0,42.0,447110,3.0,0,4,2014.0,0,0
421,40,3000000.0,0.0,0,0,17762337.0,50.0,424310,6.0,0,4,2014.0,0,0
1394,55,285000.0,0.0,0,1,14100000.0,88.0,332911,17.0,3,1,2015.0,0,0
396,538,200000.0,0.0,0,1,2200000.0,17.0,238210,2.0,0,4,2014.0,0,0
944,66,300000.0,0.0,0,1,1160000.0,18.0,722511,12.0,2,4,2014.0,0,1
883,826,425000.0,0.0,1,1,3000705.0,22.0,339950,5.0,0,4,2013.0,0,1
1464,27,500000.0,0.0,0,0,6053884.6,56.0,524292,3.0,2,4,2015.0,0,0
1326,519,3000000.0,0.0,0,1,10752792.0,165.0,332999,26.0,0,4,2015.0,0,1
870,482,652500.0,0.0,0,1,2235682.0,21.0,541110,3.0,0,2,2016.0,0,1
348,192,500000.0,0.0,0,1,7794000.0,95.0,238310,30.0,0,4,2014.0,0,0
1331,727,1700000.0,0.0,0,0,5269000.0,157.0,813319,4.0,0,2,2016.0,0,0
977,359,272420.0,0.0,0,1,11560000.0,124.0,335999,15.0,0,4,2014.0,0,1
857,572,250000.0,0.0,0,1,2083901.0,26.0,238910,2.0,0,1,2015.0,0,1
1196,529,400000.0,0.0,0,1,0.0,17.0,238130,5.0,0,4,2014.0,0,1
1227,262,600000.0,0.0,0,1,1162178.0,36.0,722511,0.0,2,2,2016.0,0,0
1254,812,1000000.0,0.0,0,1,4519246.0,207.0,722511,197.0,3,0,2016.0,0,0
229,168,1000000.0,0.0,0,0,2375201.0,35.0,423120,6.0,0,4,2014.0,0,0
1146,793,1107900.0,0.0,0,0,1827806.0,35.0,722511,5.0,0,4,2014.0,0,0
984,804,1010270.0,0.0,0,1,0.0,39.0,333132,15.0,0,4,2014.0,0,1
884,322,3187500.0,0.0,1,0,3012000.0,21.0,238310,29.0,0,2,2014.0,0,1
470,342,260000.0,0.0,0,0,11376000.0,15.0,441120,0.0,0,4,2014.0,0,0
186,726,300000.0,0.0,0,0,5703000.0,52.0,236220,0.0,0,4,2014.0,0,0
322,864,1050000.0,0.0,0,1,10406000.0,141.0,238310,38.0,0,4,2014.0,0,0
909,694,1564500.0,0.0,0,0,4300000.0,26.0,331222,10.0,0,4,2014.0,0,1
652,776,1642500.0,0.0,1,0,5651510.0,23.0,713990,10.0,0,1,2013.0,0,1
8,613,500000.0,0.0,0,1,10258355.0,20.0,237130,8.0,0,4,2014.0,0,0
1249,393,700000.0,0.0,0,0,1830204.0,29.0,424470,11.0,3,4,2015.0,0,0
399,628,200000.0,0.0,0,1,3818481.0,20.0,238140,2.0,0,4,2014.0,0,0
386,469,2650000.0,0.0,0,1,13262632.0,80.0,484110,5.0,0,4,2014.0,0,0
491,351,150000.0,0.0,0,0,1220252.0,15.0,722310,10.0,2,4,2014.0,0,0
151,49,150000.0,0.0,0,1,6466.0,38.0,238990,3.0,0,4,2014.0,0,0
627,134,350000.0,0.0,0,1,20000.0,26.0,337110,8.0,3,4,2014.0,0,1
149,358,220000.0,0.0,0,0,6516000.0,49.0,212321,0.0,0,4,2014.0,0,0
967,800,400000.0,0.0,1,1,3686736.0,104.0,311812,10.0,0,1,2015.0,0,1
536,836,240000.0,0.0,0,0,3640501.0,248.0,722511,8.0,0,4,2016.0,0,1
880,283,974000.0,0.0,1,1,10100000.0,62.0,713930,9.0,0,1,2016.0,0,1
1458,433,525000.0,0.0,1,0,16314880.0,39.0,331491,8.0,3,4,2012.0,0,1
1328,171,4000000.0,0.0,0,1,16587609.0,233.0,332999,30.0,0,4,2015.0,0,1
1337,334,215000.0,0.0,1,1,3053428.0,23.0,621210,0.0,0,3,2014.0,0,1
142,311,268504.0,0.0,0,1,1651177.0,85.0,722513,0.0,0,4,2014.0,0,0
1187,214,643500.0,0.0,0,1,6565880.0,16.0,238330,5.0,0,4,2014.0,0,0
799,743,225000.0,0.0,0,0,7449942.0,33.0,484122,0.0,2,4,2016.0,2,0
876,7,525000.0,0.0,1,0,44200000.0,581.0,621420,0.0,0,2,2016.0,0,1
884,322,3187500.0,0.0,1,0,3012000.0,21.0,238310,29.0,0,2,2014.0,0,1
1340,416,1840000.0,0.0,1,1,2279955.0,21.0,621492,13.0,0,4,2016.0,0,1
944,66,300000.0,0.0,0,1,1160000.0,18.0,722511,12.0,2,4,2014.0,0,1
520,643,80000.0,0.0,0,0,1167062.0,16.0,722513,2.0,0,4,2016.0,0,1
723,388,1400000.0,0.0,1,1,1200000.0,39.0,722513,5.0,0,3,2014.0,0,0
876,7,525000.0,0.0,1,0,44200000.0,581.0,621420,0.0,0,2,2016.0,0,1
532,403,1000000.0,0.0,0,0,17613309.0,18.0,236115,51.4,0,4,2016.0,0,1
860,674,225000.0,0.0,0,0,0.0,16.0,722511,25.0,0,1,2015.0,0,1
391,496,850000.0,0.0,0,0,1333000.0,65.0,722410,45.0,0,4,2014.0,0,0
612,483,1000000.0,0.0,0,1,4800000.0,30.0,238110,3.0,3,4,2014.0,0,0
415,564,900000.0,0.0,0,0,35616975.0,125.0,237110,7.0,0,4,2014.0,0,0
1191,24,242919.0,0.0,0,0,4917975.0,48.0,541990,36.0,2,4,2016.0,0,0
77,422,2000000.0,0.0,0,1,3351071.0,37.0,611110,2.0,0,4,2014.0,0,0
886,64,2374000.0,0.0,0,1,242661.0,23.0,445110,12.0,0,0,2014.0,0,1
1160,405,1204790.0,0.0,0,1,4380000.0,21.0,327991,8.0,0,4,2014.0,0,0
572,838,250000.0,0.0,0,1,11000000.0,458.0,561720,3.0,3,4,2014.0,0,0
52,845,150000.0,0.0,0,1,2300000.0,15.0,722410,0.0,1,4,2014.0,0,0
744,64,348400.0,0.0,0,0,10148000.0,46.0,722513,4.0,0,0,2014.0,0,0
981,561,250000.0,0.0,1,1,533388.0,20.0,722511,5.0,0,4,2014.0,0,1
1315,229,50000.0,0.0,0,0,1000000.0,17.0,238210,8.0,0,4,2014.0,0,1
896,73,1240000.0,0.0,1,1,14847047.0,61.0,444190,5.0,0,4,2016.0,0,1
1195,427,1735000.0,0.0,0,1,0.0,31.0,423120,6.0,0,3,2014.0,0,1
641,757,200000.0,0.0,0,1,3200000.0,48.0,561730,0.0,3,4,2014.0,0,1
914,289,14600000.0,0.0,0,1,7810852.0,38.0,511210,40.0,2,4,2016.0,0,0
1441,21,1820000.0,0.0,0,1,2326320.0,75.0,113310,15.0,0,2,2016.0,0,1
381,457,300000.0,0.0,0,1,4204865.0,21.0,722515,52.0,0,4,2014.0,0,0
967,800,400000.0,0.0,1,1,3686736.0,104.0,311812,10.0,0,1,2015.0,0,1
563,783,1940000.0,0.0,0,1,18773244.0,200.0,541511,50.0,0,2,2015.0,0,0
1419,777,803624.0,0.0,0,1,920674.0,48.0,722511,23.0,0,0,2015.0,0,1
536,836,240000.0,0.0,0,0,3640501.0,248.0,722511,8.0,0,4,2016.0,0,1
452,83,200000.0,0.0,0,0,1500000.0,67.0,722515,55.0,2,4,2014.0,0,0
331,853,200000.0,0.0,0,0,4419000.0,20.0,331318,4.0,0,4,2014.0,0,0
867,166,1107905.79,0.0,0,1,25296805.0,76.0,424470,0.0,0,3,2015.0,0,1
636,621,100000.0,0.0,0,1,47413.76,19.0,533110,0.0,3,4,2014.0,0,1
240,250,300000.0,0.0,0,0,2659000.0,15.0,238990,2.0,0,4,2014.0,0,0
893,735,500000.0,0.0,0,0,3750000.0,40.0,611691,14.0,2,4,2017.0,1,0
35,600,500000.0,0.0,1,0,3692763.0,36.0,722310,2.0,0,4,2014.0,0,0
977,359,272420.0,0.0,0,1,11560000.0,124.0,335999,15.0,0,4,2014.0,0,1
517,395,348800.0,0.0,1,0,2181000.0,15.0,236220,1.0,0,3,2013.0,0,1
98,511,125000.0,0.0,0,0,6876000.0,49.0,311999,7.0,0,4,2014.0,0,0
360,216,850000.0,0.0,0,0,9600000.0,400.0,812990,80.0,0,4,2014.0,0,0
1068,466,250000.0,12925.0,0,0,214021.0,40.0,236220,1.0,2,4,2016.0,0,0
305,788,150000.0,0.0,0,1,2486581.0,22.0,541519,5.0,0,4,2014.0,0,0
902,571,350000.0,0.0,0,0,2537355.0,18.0,541990,2.0,2,4,2014.0,0,1
1475,616,1286000.0,0.0,0,0,4984313.0,19.0,621111,3.0,0,2,2016.0,0,1
458,181,200000.0,0.0,0,0,878000.0,17.0,722513,18.0,2,4,2014.0,0,0
1339,751,626000.0,0.0,1,0,5217000.0,60.0,621498,7.0,0,2,2016.0,0,1
845,204,1800000.0,0.0,1,0,5787000.0,70.0,336612,15.0,4,3,2013.0,0,1
729,523,725000.0,0.0,0,1,1100000.0,15.0,333318,5.0,0,1,2014.0,0,0
1243,611,500000.0,0.0,0,0,1132481.0,55.0,315220,0.0,3,4,2015.0,0,0
850,349,2245000.0,0.0,1,0,25559148.0,115.0,336370,15.0,0,3,2014.0,0,1
537,847,500000.0,0.0,0,1,1298409.0,15.0,722513,10.0,0,4,2016.0,0,1
1317,399,755000.0,0.0,0,1,15700000.0,80.0,238910,30.0,0,4,2012.0,0,1
1344,699,250000.0,0.0,1,1,3747000.0,25.0,337110,27.0,2,4,2015.0,0,0
239,248,1000000.0,0.0,0,1,47274000.0,200.0,238210,0.0,0,4,2014.0,0,0
1466,123,697000.0,0.0,0,1,2104113.0,18.0,337110,5.0,2,4,2015.0,0,0
270,630,298650.0,0.0,0,1,10573672.0,45.0,323111,4.0,0,4,2014.0,0,0
788,115,100000.0,2000.0,0,1,4000000.0,16.0,332994,0.0,0,4,2014.0,0,0
115,712,700000.0,0.0,0,1,612000.0,469.0,722310,14.0,0,4,2014.0,0,0
1084,477,49000.0,735.0,0,1,1129000.0,30.0,722511,1.0,0,4,2014.0,0,0
584,338,300000.0,0.0,0,1,705000.0,21.0,541910,0.0,3,4,2014.0,0,0
1167,570,500000.0,0.0,0,0,2100000.0,29.0,722511,7.0,0,4,2014.0,0,0
900,398,225000.0,0.0,0,1,3113227.0,16.0,453998,0.0,0,4,2011.0,0,1
343,101,200000.0,0.0,0,1,7537426.0,227.0,611620,0.0,0,4,2014.0,0,0
1318,826,25000.0,0.0,0,1,362308.0,21.0,561720,0.0,1,4,2012.0,0,1
556,419,65000.0,2275.0,0,0,628300.0,18.0,561720,0.0,2,4,2013.0,0,0
1454,825,1973657.0,0.0,0,0,6904773.0,30.0,423990,20.0,2,4,2016.0,0,0
1226,193,548000.0,0.0,0,1,1121985.0,25.0,325510,5.0,3,2,2015.0,0,0
524,240,396000.0,0.0,1,1,678081.0,20.0,561730,0.0,0,2,2016.0,0,1
262,499,1309500.0,0.0,0,1,1892000.0,30.0,713940,30.0,0,4,2014.0,0,0
598,376,356000.0,0.0,0,1,675000.0,130.0,811111,0.0,2,1,2014.0,0,0
738,790,900000.0,0.0,0,1,3284000.0,65.0,541890,85.0,0,3,2014.0,0,0
888,704,91024.0,0.0,0,1,176169.0,15.0,562111,2.0,0,1,2017.0,0,1
618,23,500000.0,0.0,0,1,3000000.0,180.0,561720,27.0,3,4,2014.0,0,0
527,579,8452000.0,0.0,0,1,0.0,20.0,424210,25.0,2,4,2015.0,0,0
390,559,250000.0,0.0,0,1,3824472.0,48.0,334419,25.0,0,4,2014.0,0,0
657,777,2500000.0,0.0,0,0,631298.0,15.0,511210,27.0,2,4,2016.0,0,0
903,93,8600000.0,0.0,0,0,53463000.0,230.0,237310,56.0,0,4,2014.0,0,1
1382,713,550000.0,0.0,0,1,4654624.0,30.0,611310,9.0,3,4,2014.0,0,0
93,543,599000.0,0.0,0,1,23537919.0,470.0,624190,0.0,0,4,2014.0,0,0
600,487,300000.0,0.0,0,1,2800000.0,60.0,561320,25.0,3,4,2014.0,0,0
1474,309,500000.0,0.0,1,1,5302293.0,41.0,213112,7.5,0,4,2014.0,0,1
272,581,250000.0,0.0,0,1,1066000.0,33.0,562910,14.0,0,4,2014.0,0,0
449,70,1125000.0,0.0,0,0,2737269.0,175.0,722511,35.0,0,4,2014.0,0,0
635,515,50000.0,0.0,0,1,1000000.0,25.0,333318,0.0,3,4,2014.0,0,1
881,233,1500000.0,0.0,0,1,0.0,51.0,332813,48.0,0,4,2014.0,0,0
1162,426,27000.0,0.0,0,0,798717.0,15.0,621610,11.0,2,4,2014.0,0,0
652,776,1642500.0,0.0,1,0,5651510.0,23.0,713990,10.0,0,1,2013.0,0,1
904,355,7412468.93,0.0,0,1,9610000.0,52.0,541614,70.0,2,4,2016.0,0,0
946,103,300000.0,0.0,0,1,257000.0,45.0,531120,9.0,2,4,2014.0,0,0
125,813,500000.0,0.0,0,1,13620858.0,65.0,238210,5.0,0,4,2014.0,0,0
854,449,175000.0,0.0,1,0,3471000.0,180.0,484121,5.0,2,1,2015.0,0,1
547,298,100000.0,1500.0,0,0,3700000.0,20.0,237310,0.0,0,4,2014.0,0,0
1441,21,1820000.0,0.0,0,1,2326320.0,75.0,113310,15.0,0,2,2016.0,0,1
1025,835,652500.0,0.0,0,1,1387200.0,22.0,531120,4.0,0,2,2015.0,0,0
537,847,500000.0,0.0,0,1,1298409.0,15.0,722513,10.0,0,4,2016.0,0,1
221,179,300000.0,0.0,0,1,5688000.0,20.0,541990,0.0,0,4,2014.0,0,0
466,214,300000.0,0.0,0,1,19151552.0,27.0,236220,2.0,2,4,2014.0,0,0
352,171,350000.0,0.0,0,0,2079034.0,35.0,311920,10.0,0,4,2014.0,0,0
862,771,540000.0,0.0,1,0,3597005.0,92.0,484121,4.0,4,1,2015.0,0,1
1086,530,314830.0,4722.45,0,1,2800000.0,17.0,722511,20.0,0,4,2014.0,0,0
641,757,200000.0,0.0,0,1,3200000.0,48.0,561730,0.0,3,4,2014.0,0,1
982,841,1520000.0,0.0,0,1,8600000.0,23.0,424990,5.0,0,2,2014.0,0,1
519,850,1000000.0,0.0,1,0,0.0,25.0,111411,250.0,0,4,2015.0,0,1
1247,420,9050000.0,0.0,0,1,41540734.0,101.0,481111,300.0,2,4,2014.0,1,0
846,308,500000.0,0.0,1,0,7902361.0,66.0,334519,5.0,2,4,2013.0,0,1
849,230,600000.0,0.0,1,0,2659935.0,55.0,621111,29.0,0,4,2014.0,0,1
22,65,400000.0,0.0,0,0,0.0,50.0,722511,50.0,0,4,2014.0,0,0
641,757,200000.0,0.0,0,1,3200000.0,48.0,561730,0.0,3,4,2014.0,0,1
505,484,650000.0,0.0,0,1,1474000.0,37.0,111335,1.0,0,4,2014.0,0,0
1306,204,3000000.0,0.0,0,0,70383827.0,72.0,326150,0.0,2,4,2013.0,2,0
347,158,1523461.14,0.0,0,0,7388000.0,64.0,611110,47.0,0,4,2014.0,0,0
1477,470,500000.0,0.0,1,1,2035337.0,23.0,333111,30.0,0,4,2017.0,0,1
638,604,100000.0,0.0,0,1,110000.0,22.0,561730,0.0,3,4,2014.0,0,1
558,335,277390.82,2850.0,0,1,1717710.0,40.0,624410,0.0,0,4,2014.0,0,0
1128,485,10000.0,150.0,1,1,932889.1,22.0,722511,0.0,0,4,2014.0,0,0
518,738,625500.0,0.0,1,1,4066640.0,51.0,722513,0.0,0,2,2016.0,0,1
48,752,1000000.0,0.0,0,0,1866000.0,26.0,531390,0.0,0,4,2014.0,0,0
1110,456,50000.0,0.0,0,0,827000.0,17.0,722513,3.0,0,4,2014.0,0,0
1470,276,13490581.0,0.0,0,1,2566299.0,23.0,518210,18.0,0,0,2017.0,0,1
1472,525,1975000.0,0.0,1,1,4382210.0,19.0,238910,8.0,0,4,2017.0,0,1
1325,168,5500000.0,0.0,0,1,21670075.0,40.0,722513,20.0,0,3,2015.0,0,1
1017,460,72299.0,0.0,0,1,886800.0,22.0,624410,0.0,1,1,2014.0,0,0
518,738,625500.0,0.0,1,1,4066640.0,51.0,722513,0.0,0,2,2016.0,0,1
887,118,621270.0,0.0,0,1,2965120.0,32.0,238210,3.0,0,4,2014.0,0,1
1471,11,2242000.0,0.0,0,1,3454231.0,16.0,621111,0.0,0,0,2017.0,0,1
1020,92,474061.0,0.0,1,1,1248000.0,30.0,722513,30.0,0,4,2015.0,0,0
237,244,500000.0,0.0,0,1,12135000.0,40.0,236220,0.0,0,4,2014.0,0,0
1358,17,746000.0,0.0,1,1,4328000.0,34.0,332312,5.0,0,0,2015.0,0,0
1389,235,1176000.0,0.0,1,1,14796000.0,143.0,315110,16.0,3,1,2015.0,0,0
882,668,899674.31,0.0,0,1,2390000.0,34.0,327320,9.0,0,1,2012.0,0,1
1468,737,2498378.0,0.0,1,1,12848690.0,16.0,441120,2.5,0,3,2013.0,0,1
1112,542,425000.0,0.0,0,1,35000.0,21.0,531120,5.0,0,4,2014.0,0,0
918,781,423000.0,0.0,0,0,7111597.0,50.0,323111,2.0,0,1,2015.0,0,1
1195,427,1735000.0,0.0,0,1,0.0,31.0,423120,6.0,0,3,2014.0,0,1
1245,118,500000.0,0.0,0,1,3881119.0,150.0,624190,0.0,3,4,2015.0,0,0
494,366,300000.0,0.0,0,0,12146000.0,33.0,441228,10.0,0,4,2014.0,0,0
1424,64,955000.0,0.0,1,0,1117928.0,63.0,311710,25.0,2,1,2014.0,0,0
909,694,1564500.0,0.0,0,0,4300000.0,26.0,331222,10.0,0,4,2014.0,0,1
539,96,150000.0,0.0,0,1,3589331.0,35.0,722310,5.0,0,0,2016.0,0,1
888,704,91024.0,0.0,0,1,176169.0,15.0,562111,2.0,0,1,2017.0,0,1
411,536,441500.0,0.0,0,0,11376000.0,150.0,722513,40.0,0,4,2014.0,0,0
640,744,350000.0,0.0,0,0,31255000.0,106.0,541611,0.0,3,4,2014.0,0,1
1062,440,1000000.0,0.0,0,1,1963000.0,20.0,711410,11.0,2,1,2016.0,1,0
42,778,300000.0,0.0,0,1,8042.0,48.0,332999,0.0,0,4,2014.0,0,0
868,201,40000.0,0.0,0,0,1450000.0,32.0,722511,25.0,0,0,2015.0,0,1
878,143,1000000.0,0.0,1,0,44300208.0,648.0,621420,27.0,0,2,2016.0,0,1
4,257,500000.0,0.0,0,1,3400000.0,49.0,621111,0.0,0,4,2014.0,0,0
1040,270,1232750.0,0.0,0,1,1757824.0,21.0,445110,3.0,0,2,2016.0,0,0
966,20,329000.0,0.0,1,1,1369561.0,27.0,532111,3.0,0,2,2014.0,0,1
882,668,899674.31,0.0,0,1,2390000.0,34.0,327320,9.0,0,1,2012.0,0,1
643,808,50000.0,0.0,1,0,0.0,70.0,722513,0.0,0,1,2014.0,0,1
346,116,250000.0,0.0,0,1,0.0,39.0,611110,5.0,0,4,2014.0,0,0
884,322,3187500.0,0.0,1,0,3012000.0,21.0,238310,29.0,0,2,2014.0,0,1
190,749,441000.0,0.0,0,1,1519707.0,20.0,312130,8.0,0,4,2014.0,0,0
886,64,2374000.0,0.0,0,1,242661.0,23.0,445110,12.0,0,0,2014.0,0,1
872,492,673000.0,0.0,1,0,44200000.0,581.0,621420,13.0,0,2,2016.0,0,1
773,434,750000.0,0.0,0,1,5789279.0,34.0,236118,24.0,2,4,2013.0,2,0
851,323,400000.0,0.0,1,0,4978769.0,60.0,321918,20.0,2,1,2015.0,0,1
739,749,4500000.0,0.0,0,1,9821176.0,34.0,333993,0.0,0,0,2014.0,0,0
902,571,350000.0,0.0,0,0,2537355.0,18.0,541990,2.0,2,4,2014.0,0,1
966,20,329000.0,0.0,1,1,1369561.0,27.0,532111,3.0,0,2,2014.0,0,1
387,555,500000.0,0.0,0,0,14537873.0,49.0,236220,0.0,0,4,2014.0,0,0
274,590,450000.0,0.0,0,0,6694000.0,40.0,323113,6.0,0,4,2014.0,0,0
1150,108,1725000.0,0.0,1,0,8134321.0,75.0,812332,7.0,0,4,2014.0,0,0
852,372,750000.0,0.0,1,0,0.0,35.0,321918,17.0,2,1,2015.0,0,1
1199,604,460000.0,0.0,1,0,0.0,17.0,532120,1.0,0,1,2014.0,0,1
635,515,50000.0,0.0,0,1,1000000.0,25.0,333318,0.0,3,4,2014.0,0,1
521,474,3149999.0,0.0,0,1,7695975.0,42.0,238160,8.0,0,0,2016.0,0,1
1019,579,248363.6,0.0,0,0,1353200.0,27.0,811191,0.0,0,0,2015.0,0,0
542,602,550000.0,0.0,0,0,6700000.0,28.0,722310,14.0,0,4,2016.0,0,1
865,72,304500.0,0.0,0,1,0.0,40.0,713120,40.0,2,1,2015.0,0,1
1409,541,135000.0,0.0,0,1,1359464.0,18.0,238110,15.0,2,4,2012.0,0,0
254,431,125000.0,0.0,0,1,2072000.0,42.0,424490,0.0,0,4,2014.0,0,0
538,23,750000.0,0.0,0,1,5604373.0,63.0,238140,4.0,0,4,2016.0,0,1
441,784,1000000.0,0.0,0,1,15660112.0,223.0,611110,0.0,1,4,2014.0,0,0
1049,99,6000000.0,0.0,0,1,999961.0,66.0,334516,39.0,2,4,2016.0,0,0
