,FICO_Score,FICO_Class
0,760,Very Good
1,524,Fair
2,604,Good
3,631,Good
4,632,Good
5,659,Good
6,594,Fair
7,692,Good
8,643,Good
9,559,Fair
10,789,Very Good
11,526,Fair
12,566,Fair
13,633,Good
14,653,Good
15,586,Fair
16,633,Good
17,641,Good
18,644,Good
19,594,Fair
20,504,Fair
21,606,Good
22,566,Fair
23,577,Fair
24,553,Fair
25,722,Very Good
26,565,Fair
27,605,Good
28,587,Fair
29,633,Good
30,546,Fair
31,567,Fair
32,719,Very Good
33,568,Fair
34,681,Good
35,543,Fair
36,570,Fair
37,625,Good
38,777,Very Good
39,651,Good
40,558,Fair
41,638,Good
42,589,Fair
43,555,Fair
44,622,Good
45,595,Fair
46,611,Good
47,509,Fair
48,696,Good
49,640,Good
50,637,Good
51,567,Fair
52,604,Good
53,554,Fair
54,464,Fair
55,605,Good
56,610,Good
57,602,Good
58,547,Fair
59,656,Good
60,566,Fair
61,539,Fair
62,604,Good
63,707,Very Good
64,604,Good
65,571,Fair
66,496,Fair
67,565,Fair
68,569,Fair
69,590,Fair
70,801,Very Good
71,600,Fair
72,590,Fair
73,659,Good
74,631,Good
75,569,Fair
76,648,Good
77,603,Good
78,691,Good
79,559,Fair
80,603,Good
81,781,Very Good
82,554,Fair
83,526,Fair
84,604,Good
85,589,Fair
86,604,Good
87,574,Fair
88,652,Good
89,789,Very Good
90,574,Fair
91,780,Very Good
92,590,Fair
93,590,Fair
94,659,Good
95,611,Good
96,648,Good
97,801,Very Good
98,526,Fair
99,549,Fair
100,565,Fair
101,633,Good
102,569,Fair
103,659,Good
104,572,Fair
105,528,Fair
106,639,Good
107,689,Good
108,577,Fair
109,591,Fair
110,543,Fair
111,641,Good
112,574,Fair
113,568,Fair
114,570,Fair
115,661,Good
116,617,Good
117,573,Fair
118,703,Very Good
119,660,Good
120,663,Good
121,532,Fair
122,770,Very Good
123,590,Fair
124,645,Good
125,499,Fair
126,558,Fair
127,550,Fair
128,598,Fair
129,571,Fair
130,504,Fair
131,600,Fair
132,697,Good
133,676,Good
134,668,Good
135,563,Fair
136,780,Very Good
137,610,Good
138,618,Good
139,669,Good
140,620,Good
141,617,Good
142,647,Good
143,555,Fair
144,535,Fair
145,588,Fair
146,795,Very Good
147,574,Fair
148,572,Fair
149,631,Good
150,660,Good
151,677,Good
152,583,Fair
153,601,Good
154,573,Fair
155,589,Fair
156,666,Good
157,740,Very Good
158,562,Fair
159,585,Fair
160,806,Very Good
161,501,Fair
162,573,Fair
163,597,Fair
164,640,Good
165,793,Very Good
166,631,Good
167,581,Fair
168,588,Fair
169,623,Good
170,771,Very Good
171,606,Good
172,609,Good
173,627,Good
174,573,Fair
175,788,Very Good
176,524,Fair
177,643,Good
178,724,Very Good
179,614,Good
180,645,Good
181,523,Fair
182,677,Good
183,500,Fair
184,616,Good
185,576,Fair
186,750,Very Good
187,697,Good
188,586,Fair
189,733,Very Good
190,617,Good
191,560,Fair
192,606,Good
193,535,Fair
194,662,Good
195,661,Good
196,443,Fair
197,585,Fair
198,816,Very Good
199,626,Good
200,783,Very Good
201,567,Fair
202,634,Good
203,503,Fair
204,637,Good
205,793,Very Good
206,809,Very Good
207,639,Good
208,546,Fair
209,597,Fair
210,587,Fair
211,660,Good
212,517,Fair
213,574,Fair
214,638,Good
215,603,Good
216,566,Fair
217,529,Fair
218,601,Good
219,632,Good
220,806,Very Good
221,599,Fair
222,568,Fair
223,634,Good
224,542,Fair
225,793,Very Good
226,676,Good
227,640,Good
228,629,Good
229,647,Good
230,525,Fair
231,517,Fair
232,541,Fair
233,614,Good
234,776,Very Good
235,691,Good
236,599,Fair
237,684,Good
238,663,Good
239,626,Good
240,561,Fair
241,595,Fair
242,511,Fair
243,569,Fair
244,613,Good
245,507,Fair
246,546,Fair
247,640,Good
248,656,Good
249,598,Fair
250,582,Fair
251,649,Good
252,629,Good
253,574,Fair
254,728,Very Good
255,767,Very Good
256,620,Good
257,596,Fair
258,679,Good
259,609,Good
260,632,Good
261,640,Good
262,486,Fair
263,528,Fair
264,600,Fair
265,682,Good
266,565,Fair
267,563,Fair
268,638,Good
269,470,Fair
270,585,Fair
271,569,Fair
272,579,Fair
273,676,Good
274,629,Good
275,621,Good
276,622,Good
277,600,Fair
278,650,Good
279,506,Fair
280,583,Fair
281,566,Fair
282,528,Fair
283,614,Good
284,731,Very Good
285,595,Fair
286,663,Good
287,620,Good
288,647,Good
289,528,Fair
290,603,Good
291,631,Good
292,570,Fair
293,577,Fair
294,602,Good
295,631,Good
296,604,Good
297,517,Fair
298,546,Fair
299,535,Fair
300,590,Fair
301,715,Very Good
302,578,Fair
303,556,Fair
304,512,Fair
305,543,Fair
306,603,Good
307,569,Fair
308,545,Fair
309,639,Good
310,561,Fair
311,608,Good
312,732,Very Good
313,583,Fair
314,604,Good
315,561,Fair
316,560,Fair
317,568,Fair
318,570,Fair
319,598,Fair
320,648,Good
321,773,Very Good
322,628,Good
323,561,Fair
324,568,Fair
325,517,Fair
326,541,Fair
327,551,Fair
328,540,Fair
329,645,Good
330,615,Good
331,558,Fair
332,598,Fair
333,705,Very Good
334,561,Fair
335,528,Fair
336,575,Fair
337,659,Good
338,546,Fair
339,606,Good
340,609,Good
341,588,Fair
342,740,Very Good
343,578,Fair
344,593,Fair
345,605,Good
346,572,Fair
347,618,Good
348,585,Fair
349,562,Fair
350,806,Very Good
351,612,Good
352,516,Fair
353,594,Fair
354,573,Fair
355,568,Fair
356,669,Good
357,523,Fair
358,640,Good
359,566,Fair
360,653,Good
361,602,Good
362,597,Fair
363,643,Good
364,571,Fair
365,621,Good
366,673,Good
367,589,Fair
368,652,Good
369,731,Very Good
370,584,Fair
371,591,Fair
372,659,Good
373,503,Fair
374,631,Good
375,587,Fair
376,530,Fair
377,604,Good
378,605,Good
379,674,Good
380,666,Good
381,630,Good
382,663,Good
383,597,Fair
384,593,Fair
385,602,Good
386,582,Fair
387,511,Fair
388,592,Fair
389,618,Good
390,613,Good
391,569,Fair
392,656,Good
393,603,Good
394,526,Fair
395,610,Good
396,630,Good
397,660,Good
398,555,Fair
399,605,Good
400,620,Good
401,628,Good
402,798,Very Good
403,526,Fair
404,579,Fair
405,661,Good
406,575,Fair
407,610,Good
408,637,Good
409,650,Good
410,459,Fair
411,594,Fair
412,550,Fair
413,479,Fair
414,633,Good
415,697,Good
416,588,Fair
417,601,Good
418,635,Good
419,559,Fair
420,577,Fair
421,545,Fair
422,517,Fair
423,638,Good
424,692,Good
425,637,Good
426,469,Fair
427,551,Fair
428,569,Fair
429,611,Good
430,634,Good
431,604,Good
432,587,Fair
433,637,Good
434,637,Good
435,654,Good
436,578,Fair
437,649,Good
438,472,Fair
439,634,Good
440,550,Fair
441,631,Good
442,602,Good
443,607,Good
444,582,Fair
445,523,Fair
446,786,Very Good
447,593,Fair
448,620,Good
449,680,Good
450,541,Fair
451,583,Fair
452,577,Fair
453,587,Fair
454,723,Very Good
455,627,Good
456,647,Good
457,673,Good
458,569,Fair
459,535,Fair
460,579,Fair
461,587,Fair
462,610,Good
463,590,Fair
464,576,Fair
465,543,Fair
466,587,Fair
467,622,Good
468,651,Good
469,806,Very Good
470,605,Good
471,646,Good
472,554,Fair
473,571,Fair
474,637,Good
475,609,Good
476,631,Good
477,577,Fair
478,795,Very Good
479,765,Very Good
480,647,Good
481,610,Good
482,543,Fair
483,587,Fair
484,740,Very Good
485,586,Fair
486,601,Good
487,556,Fair
488,586,Fair
489,652,Good
490,589,Fair
491,570,Fair
492,604,Good
493,618,Good
494,530,Fair
495,692,Good
496,753,Very Good
497,619,Good
498,629,Good
499,597,Fair
500,707,Very Good
501,533,Fair
502,511,Fair
503,776,Very Good
504,660,Good
505,658,Good
506,581,Fair
507,572,Fair
508,638,Good
509,600,Fair
510,789,Very Good
511,606,Good
512,809,Very Good
513,521,Fair
514,587,Fair
515,710,Very Good
516,674,Good
517,776,Very Good
518,589,Fair
519,724,Very Good
520,613,Good
521,582,Fair
522,556,Fair
523,715,Very Good
524,566,Fair
525,597,Fair
526,616,Good
527,530,Fair
528,572,Fair
529,601,Good
530,659,Good
531,664,Good
532,626,Good
533,564,Fair
534,786,Very Good
535,633,Good
536,707,Very Good
537,588,Fair
538,535,Fair
539,626,Good
540,606,Good
541,696,Good
542,481,Fair
543,565,Fair
544,740,Very Good
545,531,Fair
546,604,Good
547,628,Good
548,570,Fair
549,814,Very Good
550,609,Good
551,603,Good
552,789,Very Good
553,732,Very Good
554,782,Very Good
555,565,Fair
556,637,Good
557,570,Fair
558,596,Fair
559,598,Fair
560,721,Very Good
561,660,Good
562,461,Fair
563,595,Fair
564,638,Good
565,617,Good
566,639,Good
567,558,Fair
568,584,Fair
569,627,Good
570,685,Good
571,645,Good
572,608,Good
573,582,Fair
574,646,Good
575,641,Good
576,600,Fair
577,545,Fair
578,508,Fair
579,590,Fair
580,471,Fair
581,650,Good
582,582,Fair
583,668,Good
584,614,Good
585,532,Fair
586,541,Fair
587,638,Good
588,579,Fair
589,566,Fair
590,540,Fair
591,525,Fair
592,576,Fair
593,697,Good
594,544,Fair
595,599,Fair
596,567,Fair
597,519,Fair
598,611,Good
599,455,Fair
600,669,Good
601,584,Fair
602,621,Good
603,580,Fair
604,668,Good
605,590,Fair
606,529,Fair
607,615,Good
608,800,Very Good
609,691,Good
610,638,Good
611,707,Very Good
612,604,Good
613,582,Fair
614,638,Good
615,684,Good
616,550,Fair
617,781,Very Good
618,537,Fair
619,682,Good
620,587,Fair
621,470,Fair
622,468,Fair
623,624,Good
624,653,Good
625,594,Fair
626,616,Good
627,597,Fair
628,576,Fair
629,561,Fair
630,551,Fair
631,539,Fair
632,753,Very Good
633,584,Fair
634,614,Good
635,629,Good
636,600,Fair
637,671,Good
638,572,Fair
639,567,Fair
640,651,Good
641,625,Good
642,639,Good
643,648,Good
644,619,Good
645,644,Good
646,730,Very Good
647,577,Fair
648,554,Fair
649,721,Very Good
650,570,Fair
651,663,Good
652,654,Good
653,561,Fair
654,590,Fair
655,582,Fair
656,747,Very Good
657,631,Good
658,588,Fair
659,535,Fair
660,652,Good
661,613,Good
662,536,Fair
663,789,Very Good
664,519,Fair
665,565,Fair
666,548,Fair
667,587,Fair
668,574,Fair
669,611,Good
670,749,Very Good
671,581,Fair
672,692,Good
673,622,Good
674,648,Good
675,607,Good
676,777,Very Good
677,809,Very Good
678,658,Good
679,809,Very Good
680,618,Good
681,644,Good
682,676,Good
683,563,Fair
684,610,Good
685,580,Fair
686,600,Fair
687,539,Fair
688,545,Fair
689,530,Fair
690,594,Fair
691,594,Fair
692,535,Fair
693,593,Fair
694,691,Good
695,556,Fair
696,554,Fair
697,624,Good
698,551,Fair
699,561,Fair
700,564,Fair
701,509,Fair
702,587,Fair
703,589,Fair
704,504,Fair
705,651,Good
706,538,Fair
707,608,Good
708,634,Good
709,720,Very Good
710,607,Good
711,631,Good
712,556,Fair
713,596,Fair
714,635,Good
715,593,Fair
716,665,Good
717,635,Good
718,536,Fair
719,569,Fair
720,606,Good
721,597,Fair
722,750,Very Good
723,595,Fair
724,615,Good
725,637,Good
726,565,Fair
727,660,Good
728,596,Fair
729,575,Fair
730,587,Fair
731,617,Good
732,658,Good
733,631,Good
734,671,Good
735,689,Good
736,604,Good
737,690,Good
738,644,Good
739,601,Good
740,657,Good
741,614,Good
742,640,Good
743,793,Very Good
744,544,Fair
745,684,Good
746,589,Fair
747,509,Fair
748,635,Good
749,629,Good
750,502,Fair
751,615,Good
752,586,Fair
753,608,Good
754,645,Good
755,649,Good
756,595,Fair
757,801,Very Good
758,552,Fair
759,547,Fair
760,685,Good
761,661,Good
762,576,Fair
763,507,Fair
764,616,Good
765,632,Good
766,601,Good
767,619,Good
768,643,Good
769,571,Fair
770,641,Good
771,603,Good
772,671,Good
773,643,Good
774,593,Fair
775,623,Good
776,609,Good
777,789,Very Good
778,569,Fair
779,606,Good
780,540,Fair
781,616,Good
782,556,Fair
783,648,Good
784,629,Good
785,579,Fair
786,644,Good
787,767,Very Good
788,631,Good
789,442,Fair
790,552,Fair
791,540,Fair
792,780,Very Good
793,651,Good
794,606,Good
795,618,Good
796,599,Fair
797,512,Fair
798,624,Good
799,596,Fair
800,529,Fair
801,563,Fair
802,589,Fair
803,610,Good
804,631,Good
805,553,Fair
806,557,Fair
807,530,Fair
808,582,Fair
809,621,Good
810,752,Very Good
811,635,Good
812,788,Very Good
813,610,Good
814,552,Fair
815,565,Fair
816,540,Fair
817,546,Fair
818,545,Fair
819,494,Fair
820,582,Fair
821,639,Good
822,578,Fair
823,677,Good
824,445,Fair
825,594,Fair
826,678,Good
827,691,Good
828,728,Very Good
829,651,Good
830,760,Very Good
831,744,Very Good
832,497,Fair
833,610,Good
834,649,Good
835,677,Good
836,570,Fair
837,569,Fair
838,606,Good
839,528,Fair
840,668,Good
841,589,Fair
842,599,Fair
843,564,Fair
844,604,Good
845,554,Fair
846,751,Very Good
847,604,Good
848,611,Good
849,606,Good
850,588,Fair
851,605,Good
852,605,Good
853,609,Good
854,697,Good
855,695,Good
856,588,Fair
857,607,Good
858,626,Good
859,594,Fair
860,629,Good
861,517,Fair
862,610,Good
863,517,Fair
864,735,Very Good
865,680,Good
866,554,Fair
867,637,Good
868,589,Fair
869,546,Fair
870,625,Good
871,662,Good
872,754,Very Good
873,651,Good
874,749,Very Good
875,658,Good
876,619,Good
877,618,Good
878,609,Good
879,593,Fair
880,566,Fair
881,613,Good
882,695,Good
883,621,Good
884,613,Good
885,507,Fair
886,747,Very Good
887,691,Good
888,691,Good
889,543,Fair
890,598,Fair
891,638,Good
892,604,Good
893,628,Good
894,684,Good
895,753,Very Good
896,608,Good
897,527,Fair
898,525,Fair
899,570,Fair
900,596,Fair
901,593,Fair
902,590,Fair
903,587,Fair
904,776,Very Good
905,649,Good
906,593,Fair
907,565,Fair
908,558,Fair
909,572,Fair
910,532,Fair
911,593,Fair
912,807,Very Good
913,626,Good
914,622,Good
915,597,Fair
916,678,Good
917,592,Fair
918,498,Fair
919,618,Good
920,517,Fair
921,613,Good
922,726,Very Good
923,596,Fair
924,639,Good
925,553,Fair
926,600,Fair
927,809,Very Good
928,611,Good
929,581,Fair
930,517,Fair
931,564,Fair
932,740,Very Good
933,553,Fair
934,497,Fair
935,545,Fair
936,547,Fair
937,558,Fair
938,559,Fair
939,589,Fair
940,589,Fair
941,586,Fair
942,707,Very Good
943,597,Fair
944,585,Fair
945,615,Good
946,661,Good
947,559,Fair
948,582,Fair
949,614,Good
950,747,Very Good
951,607,Good
952,669,Good
953,550,Fair
954,578,Fair
955,631,Good
956,565,Fair
957,764,Very Good
958,726,Very Good
959,669,Good
960,621,Good
961,528,Fair
962,512,Fair
963,610,Good
964,613,Good
965,586,Fair
966,569,Fair
967,584,Fair
968,582,Fair
969,559,Fair
970,660,Good
971,713,Very Good
972,672,Good
973,594,Fair
974,546,Fair
975,584,Fair
976,635,Good
977,617,Good
978,574,Fair
979,631,Good
980,624,Good
981,595,Fair
982,605,Good
983,806,Very Good
984,635,Good
985,632,Good
986,710,Very Good
987,576,Fair
988,527,Fair
989,621,Good
990,570,Fair
991,529,Fair
992,567,Fair
993,552,Fair
994,583,Fair
995,719,Very Good
996,614,Good
997,594,Fair
998,585,Fair
999,610,Good
1000,542,Fair
1001,537,Fair
1002,568,Fair
1003,590,Fair
1004,700,Good
1005,653,Good
1006,577,Fair
1007,589,Fair
1008,697,Good
1009,630,Good
1010,668,Good
1011,651,Good
1012,519,Fair
1013,612,Good
1014,550,Fair
1015,593,Fair
1016,655,Good
1017,788,Very Good
1018,562,Fair
1019,613,Good
1020,677,Good
1021,558,Fair
1022,618,Good
1023,675,Good
1024,551,Fair
1025,565,Fair
1026,588,Fair
1027,630,Good
1028,592,Fair
1029,451,Fair
1030,752,Very Good
1031,594,Fair
1032,604,Good
1033,733,Very Good
1034,695,Good
1035,575,Fair
1036,604,Good
1037,572,Fair
1038,587,Fair
1039,778,Very Good
1040,661,Good
1041,534,Fair
1042,756,Very Good
1043,599,Fair
1044,590,Fair
1045,647,Good
1046,721,Very Good
1047,550,Fair
1048,672,Good
1049,602,Good
1050,635,Good
1051,618,Good
1052,653,Good
1053,416,Fair
1054,784,Very Good
1055,603,Good
1056,585,Fair
1057,633,Good
1058,603,Good
1059,789,Very Good
1060,648,Good
1061,641,Good
1062,660,Good
1063,719,Very Good
1064,625,Good
1065,583,Fair
1066,704,Very Good
1067,556,Fair
1068,606,Good
1069,614,Good
1070,565,Fair
1071,589,Fair
1072,603,Good
1073,626,Good
1074,720,Very Good
1075,642,Good
1076,628,Good
1077,551,Fair
1078,579,Fair
1079,453,Fair
1080,549,Fair
1081,625,Good
1082,595,Fair
1083,540,Fair
1084,588,Fair
1085,650,Good
1086,746,Very Good
1087,766,Very Good
1088,604,Good
1089,566,Fair
1090,635,Good
1091,604,Good
1092,567,Fair
1093,539,Fair
1094,768,Very Good
1095,647,Good
1096,809,Very Good
1097,597,Fair
1098,575,Fair
1099,471,Fair
1100,589,Fair
1101,578,Fair
1102,584,Fair
1103,804,Very Good
1104,659,Good
1105,700,Good
1106,657,Good
1107,445,Fair
1108,504,Fair
1109,588,Fair
1110,565,Fair
1111,644,Good
1112,669,Good
1113,619,Good
1114,608,Good
1115,628,Good
1116,569,Fair
1117,639,Good
1118,694,Good
1119,629,Good
1120,722,Very Good
1121,583,Fair
1122,793,Very Good
1123,583,Fair
1124,554,Fair
1125,643,Good
1126,597,Fair
1127,730,Very Good
1128,616,Good
1129,780,Very Good
1130,674,Good
1131,559,Fair
1132,638,Good
1133,602,Good
1134,573,Fair
1135,625,Good
1136,513,Fair
1137,549,Fair
1138,534,Fair
1139,558,Fair
1140,658,Good
1141,616,Good
1142,612,Good
1143,681,Good
1144,600,Fair
1145,630,Good
1146,660,Good
1147,593,Fair
1148,633,Good
1149,604,Good
1150,498,Fair
1151,611,Good
1152,517,Fair
1153,497,Fair
1154,573,Fair
1155,622,Good
1156,626,Good
1157,607,Good
1158,525,Fair
1159,640,Good
1160,653,Good
1161,586,Fair
1162,570,Fair
1163,542,Fair
1164,572,Fair
1165,638,Good
1166,512,Fair
1167,602,Good
1168,583,Fair
1169,604,Good
1170,599,Fair
1171,806,Very Good
1172,599,Fair
1173,565,Fair
1174,619,Good
1175,595,Fair
1176,589,Fair
1177,559,Fair
1178,766,Very Good
1179,609,Good
1180,643,Good
1181,635,Good
1182,626,Good
1183,563,Fair
1184,730,Very Good
1185,580,Fair
1186,656,Good
1187,606,Good
1188,582,Fair
1189,677,Good
1190,635,Good
1191,647,Good
1192,571,Fair
1193,665,Good
1194,639,Good
1195,565,Fair
1196,668,Good
1197,578,Fair
1198,553,Fair
1199,613,Good
1200,671,Good
1201,629,Good
1202,637,Good
1203,776,Very Good
1204,586,Fair
1205,816,Very Good
1206,631,Good
1207,572,Fair
1208,604,Good
1209,570,Fair
1210,789,Very Good
1211,603,Good
1212,591,Fair
1213,589,Fair
1214,613,Good
1215,604,Good
1216,645,Good
1217,556,Fair
1218,779,Very Good
1219,641,Good
1220,585,Fair
1221,629,Good
1222,528,Fair
1223,666,Good
1224,632,Good
1225,529,Fair
1226,640,Good
1227,570,Fair
1228,586,Fair
1229,604,Good
1230,675,Good
1231,577,Fair
1232,591,Fair
1233,535,Fair
1234,644,Good
1235,548,Fair
1236,601,Good
1237,776,Very Good
1238,574,Fair
1239,523,Fair
1240,582,Fair
1241,509,Fair
1242,626,Good
1243,621,Good
1244,557,Fair
1245,599,Fair
1246,604,Good
1247,553,Fair
1248,635,Good
1249,587,Fair
1250,766,Very Good
1251,532,Fair
1252,576,Fair
1253,672,Good
1254,548,Fair
1255,567,Fair
1256,672,Good
1257,597,Fair
1258,648,Good
1259,503,Fair
1260,614,Good
1261,638,Good
1262,564,Fair
1263,663,Good
1264,511,Fair
1265,793,Very Good
1266,616,Good
1267,560,Fair
1268,594,Fair
1269,653,Good
1270,566,Fair
1271,583,Fair
1272,601,Good
1273,703,Very Good
1274,588,Fair
1275,567,Fair
1276,470,Fair
1277,551,Fair
1278,635,Good
1279,730,Very Good
1280,603,Good
1281,776,Very Good
1282,564,Fair
1283,533,Fair
1284,604,Good
1285,674,Good
1286,669,Good
1287,772,Very Good
1288,712,Very Good
1289,776,Very Good
1290,653,Good
1291,622,Good
1292,506,Fair
1293,571,Fair
1294,564,Fair
1295,614,Good
1296,572,Fair
1297,632,Good
1298,585,Fair
1299,611,Good
1300,566,Fair
1301,546,Fair
1302,729,Very Good
1303,816,Very Good
1304,590,Fair
1305,561,Fair
1306,575,Fair
1307,647,Good
1308,571,Fair
1309,649,Good
1310,565,Fair
1311,565,Fair
1312,628,Good
1313,799,Very Good
1314,695,Good
1315,598,Fair
1316,573,Fair
1317,691,Good
1318,556,Fair
1319,783,Very Good
1320,573,Fair
1321,684,Good
1322,647,Good
1323,520,Fair
1324,517,Fair
1325,646,Good
1326,611,Good
1327,612,Good
1328,524,Fair
1329,524,Fair
1330,650,Good
1331,534,Fair
1332,540,Fair
1333,548,Fair
1334,587,Fair
1335,557,Fair
1336,583,Fair
1337,629,Good
1338,607,Good
1339,531,Fair
1340,575,Fair
1341,553,Fair
1342,597,Fair
1343,564,Fair
1344,526,Fair
1345,638,Good
1346,697,Good
1347,562,Fair
1348,639,Good
1349,650,Good
1350,452,Fair
1351,780,Very Good
1352,661,Good
1353,554,Fair
1354,578,Fair
1355,649,Good
1356,485,Fair
1357,619,Good
1358,607,Good
1359,614,Good
1360,559,Fair
1361,566,Fair
1362,585,Fair
1363,631,Good
1364,535,Fair
1365,640,Good
1366,760,Very Good
1367,646,Good
1368,544,Fair
1369,564,Fair
1370,522,Fair
1371,572,Fair
1372,715,Very Good
1373,538,Fair
1374,658,Good
1375,550,Fair
1376,572,Fair
1377,527,Fair
1378,600,Fair
1379,583,Fair
1380,586,Fair
1381,548,Fair
1382,627,Good
1383,748,Very Good
1384,695,Good
1385,571,Fair
1386,484,Fair
1387,620,Good
1388,780,Very Good
1389,592,Fair
1390,697,Good
1391,557,Fair
1392,809,Very Good
1393,608,Good
1394,570,Fair
1395,572,Fair
1396,670,Good
1397,568,Fair
1398,583,Fair
1399,601,Good
1400,601,Good
1401,566,Fair
1402,611,Good
1403,585,Fair
1404,571,Fair
1405,712,Very Good
1406,604,Good
1407,639,Good
1408,650,Good
1409,551,Fair
1410,618,Good
1411,621,Good
1412,653,Good
1413,650,Good
1414,584,Fair
1415,600,Fair
1416,706,Very Good
1417,635,Good
1418,671,Good
1419,598,Fair
1420,605,Good
1421,449,Fair
1422,559,Fair
1423,570,Fair
1424,574,Fair
1425,624,Good
1426,806,Very Good
1427,726,Very Good
1428,649,Good
1429,585,Fair
1430,604,Good
1431,580,Fair
1432,585,Fair
1433,532,Fair
1434,594,Fair
1435,636,Good
1436,752,Very Good
1437,549,Fair
1438,559,Fair
1439,628,Good
1440,769,Very Good
1441,626,Good
1442,576,Fair
1443,760,Very Good
1444,694,Good
1445,594,Fair
1446,692,Good
1447,590,Fair
1448,582,Fair
1449,578,Fair
1450,543,Fair
1451,616,Good
1452,588,Fair
1453,547,Fair
1454,574,Fair
1455,727,Very Good
1456,576,Fair
1457,575,Fair
1458,578,Fair
1459,562,Fair
1460,652,Good
1461,692,Good
1462,594,Fair
1463,649,Good
1464,608,Good
1465,574,Fair
1466,467,Fair
1467,652,Good
1468,603,Good
1469,567,Fair
1470,648,Good
1471,568,Fair
1472,612,Good
1473,731,Very Good
1474,691,Good
1475,600,Fair
1476,595,Fair
1477,641,Good
1478,593,Fair
1479,613,Good
1480,621,Good
1481,583,Fair
1482,788,Very Good
1483,582,Fair
1484,579,Fair
1485,596,Fair
1486,649,Good
1487,554,Fair
1488,588,Fair
1489,602,Good
1490,626,Good
1491,576,Fair
1492,694,Good
1493,660,Good
1494,583,Fair
1495,650,Good
1496,540,Fair
1497,526,Fair
1498,650,Good
1499,620,Good
1500,566,Fair
1501,565,Fair
1502,608,Good
1503,749,Very Good
1504,530,Fair
1505,633,Good
1506,597,Fair
1507,784,Very Good
1508,581,Fair
1509,597,Fair
1510,602,Good
1511,607,Good
1512,647,Good
1513,628,Good
1514,652,Good
1515,651,Good
1516,704,Very Good
1517,546,Fair
1518,590,Fair
1519,567,Fair
1520,566,Fair
1521,671,Good
1522,560,Fair
1523,594,Fair
1524,611,Good
1525,649,Good
1526,572,Fair
1527,539,Fair
1528,680,Good
1529,562,Fair
1530,572,Fair
1531,624,Good
1532,547,Fair
1533,579,Fair
1534,575,Fair
1535,584,Fair
1536,594,Fair
1537,555,Fair
1538,595,Fair
1539,650,Good
1540,517,Fair
1541,668,Good
1542,599,Fair
1543,566,Fair
1544,641,Good
1545,656,Good
1546,750,Very Good
1547,685,Good
1548,578,Fair
1549,625,Good
1550,521,Fair
1551,546,Fair
1552,581,Fair
1553,535,Fair
1554,539,Fair
1555,625,Good
1556,574,Fair
1557,557,Fair
1558,567,Fair
1559,642,Good
1560,642,Good
1561,606,Good
1562,650,Good
1563,648,Good
1564,484,Fair
1565,625,Good
1566,587,Fair
1567,665,Good
1568,537,Fair
1569,782,Very Good
1570,721,Very Good
1571,647,Good
1572,806,Very Good
1573,637,Good
1574,629,Good
1575,670,Good
1576,566,Fair
1577,581,Fair
1578,583,Fair
1579,522,Fair
1580,616,Good
1581,622,Good
1582,704,Very Good
1583,562,Fair
1584,614,Good
1585,632,Good
1586,592,Fair
1587,732,Very Good
1588,756,Very Good
1589,632,Good
1590,643,Good
1591,493,Fair
1592,610,Good
1593,578,Fair
1594,490,Fair
1595,575,Fair
1596,777,Very Good
1597,792,Very Good
1598,773,Very Good
1599,618,Good
1600,610,Good
1601,572,Fair
1602,820,Very Good
1603,590,Fair
1604,617,Good
1605,573,Fair
1606,604,Good
1607,571,Fair
1608,812,Very Good
1609,664,Good
1610,621,Good
1611,580,Fair
1612,599,Fair
1613,581,Fair
1614,628,Good
1615,639,Good
1616,617,Good
1617,578,Fair
1618,560,Fair
1619,637,Good
1620,613,Good
1621,564,Fair
1622,526,Fair
1623,732,Very Good
1624,684,Good
1625,549,Fair
1626,613,Good
1627,653,Good
1628,601,Good
1629,628,Good
1630,713,Very Good
1631,643,Good
1632,793,Very Good
1633,626,Good
1634,566,Fair
1635,749,Very Good
1636,634,Good
1637,601,Good
1638,638,Good
1639,661,Good
1640,653,Good
1641,597,Fair
1642,552,Fair
1643,523,Fair
1644,604,Good
1645,641,Good
1646,567,Fair
1647,543,Fair
1648,566,Fair
1649,740,Very Good
1650,578,Fair
1651,639,Good
1652,582,Fair
1653,531,Fair
1654,626,Good
1655,809,Very Good
1656,548,Fair
1657,568,Fair
1658,614,Good
1659,807,Very Good
1660,651,Good
1661,517,Fair
1662,635,Good
1663,606,Good
1664,462,Fair
1665,573,Fair
1666,729,Very Good
1667,620,Good
1668,529,Fair
1669,512,Fair
1670,566,Fair
1671,666,Good
1672,793,Very Good
1673,602,Good
1674,588,Fair
1675,574,Fair
1676,575,Fair
1677,746,Very Good
1678,595,Fair
1679,596,Fair
1680,596,Fair
1681,590,Fair
1682,625,Good
1683,585,Fair
1684,588,Fair
1685,645,Good
1686,610,Good
1687,816,Very Good
1688,612,Good
1689,783,Very Good
1690,555,Fair
1691,561,Fair
1692,545,Fair
1693,588,Fair
1694,564,Fair
1695,622,Good
1696,631,Good
1697,596,Fair
1698,593,Fair
1699,550,Fair
1700,588,Fair
1701,749,Very Good
1702,655,Good
1703,618,Good
1704,682,Good
1705,606,Good
1706,620,Good
1707,576,Fair
1708,610,Good
1709,536,Fair
1710,572,Fair
1711,580,Fair
1712,552,Fair
1713,548,Fair
1714,783,Very Good
1715,536,Fair
1716,633,Good
1717,571,Fair
1718,573,Fair
1719,569,Fair
1720,556,Fair
1721,548,Fair
1722,547,Fair
1723,635,Good
1724,777,Very Good
1725,531,Fair
1726,643,Good
1727,579,Fair
1728,565,Fair
1729,625,Good
1730,587,Fair
1731,807,Very Good
1732,543,Fair
1733,550,Fair
1734,600,Fair
1735,603,Good
1736,562,Fair
1737,629,Good
1738,643,Good
1739,704,Very Good
1740,658,Good
1741,625,Good
1742,523,Fair
1743,575,Fair
1744,623,Good
1745,563,Fair
1746,643,Good
1747,564,Fair
1748,658,Good
1749,816,Very Good
1750,763,Very Good
1751,546,Fair
1752,583,Fair
1753,620,Good
1754,581,Fair
1755,564,Fair
1756,530,Fair
1757,543,Fair
1758,488,Fair
1759,543,Fair
1760,579,Fair
1761,626,Good
1762,806,Very Good
1763,555,Fair
1764,610,Good
1765,609,Good
1766,570,Fair
1767,588,Fair
1768,566,Fair
1769,593,Fair
1770,553,Fair
1771,595,Fair
1772,574,Fair
1773,646,Good
1774,786,Very Good
1775,784,Very Good
1776,596,Fair
1777,499,Fair
1778,551,Fair
1779,554,Fair
1780,590,Fair
1781,619,Good
1782,573,Fair
1783,566,Fair
1784,511,Fair
1785,596,Fair
1786,490,Fair
1787,625,Good
1788,674,Good
1789,621,Good
1790,566,Fair
1791,600,Fair
1792,632,Good
1793,539,Fair
1794,597,Fair
1795,586,Fair
1796,587,Fair
1797,599,Fair
1798,581,Fair
1799,669,Good
1800,565,Fair
1801,777,Very Good
1802,635,Good
1803,603,Good
1804,571,Fair
1805,704,Very Good
1806,580,Fair
1807,647,Good
1808,686,Good
1809,778,Very Good
1810,612,Good
1811,622,Good
1812,583,Fair
1813,634,Good
1814,747,Very Good
1815,523,Fair
1816,592,Fair
1817,574,Fair
1818,533,Fair
1819,594,Fair
1820,538,Fair
1821,537,Fair
1822,528,Fair
1823,560,Fair
1824,559,Fair
1825,511,Fair
1826,743,Very Good
1827,660,Good
1828,569,Fair
1829,637,Good
1830,781,Very Good
1831,570,Fair
1832,698,Good
1833,638,Good
1834,571,Fair
1835,611,Good
1836,578,Fair
1837,497,Fair
1838,601,Good
1839,684,Good
1840,664,Good
1841,614,Good
1842,600,Fair
1843,603,Good
1844,534,Fair
1845,522,Fair
1846,475,Fair
1847,731,Very Good
1848,503,Fair
1849,583,Fair
1850,743,Very Good
1851,620,Good
1852,543,Fair
1853,564,Fair
1854,650,Good
1855,638,Good
1856,706,Very Good
1857,562,Fair
1858,632,Good
1859,524,Fair
1860,599,Fair
1861,593,Fair
1862,567,Fair
1863,530,Fair
1864,632,Good
1865,596,Fair
1866,628,Good
1867,588,Fair
1868,777,Very Good
1869,608,Good
1870,564,Fair
1871,660,Good
1872,637,Good
1873,470,Fair
1874,547,Fair
1875,581,Fair
1876,792,Very Good
1877,600,Fair
1878,586,Fair
1879,539,Fair
1880,637,Good
1881,612,Good
1882,566,Fair
1883,537,Fair
1884,590,Fair
1885,570,Fair
1886,620,Good
1887,599,Fair
1888,598,Fair
1889,677,Good
1890,679,Good
1891,558,Fair
1892,670,Good
1893,545,Fair
1894,582,Fair
1895,522,Fair
1896,524,Fair
1897,651,Good
1898,544,Fair
1899,538,Fair
1900,564,Fair
1901,685,Good
1902,532,Fair
1903,639,Good
1904,522,Fair
1905,508,Fair
1906,645,Good
1907,488,Fair
1908,616,Good
1909,619,Good
1910,610,Good
1911,585,Fair
1912,644,Good
1913,816,Very Good
1914,806,Very Good
1915,644,Good
1916,672,Good
1917,575,Fair
1918,585,Fair
1919,582,Fair
1920,568,Fair
1921,554,Fair
1922,574,Fair
1923,675,Good
1924,558,Fair
1925,644,Good
1926,613,Good
1927,554,Fair
1928,629,Good
1929,613,Good
1930,596,Fair
1931,683,Good
1932,571,Fair
1933,605,Good
1934,618,Good
1935,637,Good
1936,604,Good
1937,539,Fair
1938,786,Very Good
1939,637,Good
1940,631,Good
1941,788,Very Good
1942,519,Fair
1943,670,Good
1944,581,Fair
1945,525,Fair
1946,583,Fair
1947,621,Good
1948,584,Fair
1949,574,Fair
1950,689,Good
1951,664,Good
1952,669,Good
1953,588,Fair
1954,560,Fair
1955,512,Fair
1956,619,Good
1957,702,Very Good
1958,636,Good
1959,806,Very Good
1960,618,Good
1961,578,Fair
1962,572,Fair
1963,595,Fair
1964,623,Good
1965,569,Fair
1966,540,Fair
1967,603,Good
1968,575,Fair
1969,526,Fair
1970,648,Good
1971,554,Fair
1972,572,Fair
1973,781,Very Good
1974,566,Fair
1975,749,Very Good
1976,570,Fair
1977,666,Good
1978,564,Fair
1979,603,Good
1980,730,Very Good
1981,550,Fair
1982,556,Fair
1983,585,Fair
1984,562,Fair
1985,540,Fair
1986,661,Good
1987,469,Fair
1988,632,Good
1989,530,Fair
1990,535,Fair
1991,594,Fair
1992,547,Fair
1993,575,Fair
1994,520,Fair
1995,559,Fair
1996,635,Good
1997,612,Good
1998,644,Good
1999,593,Fair
2000,559,Fair
2001,631,Good
2002,648,Good
2003,574,Fair
2004,676,Good
2005,628,Good
2006,647,Good
2007,534,Fair
2008,768,Very Good
2009,620,Good
2010,635,Good
2011,635,Good
2012,672,Good
2013,605,Good
2014,601,Good
2015,710,Very Good
2016,517,Fair
2017,653,Good
2018,599,Fair
2019,639,Good
2020,807,Very Good
2021,621,Good
2022,607,Good
2023,569,Fair
2024,610,Good
2025,610,Good
2026,697,Good
2027,715,Very Good
2028,610,Good
2029,584,Fair
2030,636,Good
2031,557,Fair
2032,591,Fair
2033,806,Very Good
2034,684,Good
2035,610,Good
2036,655,Good
2037,641,Good
2038,726,Very Good
2039,783,Very Good
2040,721,Very Good
2041,585,Fair
2042,580,Fair
2043,807,Very Good
2044,525,Fair
2045,586,Fair
2046,543,Fair
2047,573,Fair
2048,794,Very Good
2049,618,Good
2050,596,Fair
2051,609,Good
2052,789,Very Good
2053,566,Fair
2054,722,Very Good
2055,657,Good
2056,620,Good
2057,618,Good
2058,622,Good
2059,777,Very Good
2060,580,Fair
2061,781,Very Good
2062,597,Fair
2063,773,Very Good
2064,613,Good
2065,587,Fair
2066,554,Fair
2067,574,Fair
2068,692,Good
2069,729,Very Good
2070,697,Good
2071,521,Fair
2072,541,Fair
2073,789,Very Good
2074,578,Fair
2075,607,Good
2076,789,Very Good
2077,657,Good
2078,573,Fair
2079,606,Good
2080,557,Fair
2081,658,Good
2082,584,Fair
2083,760,Very Good
2084,590,Fair
2085,531,Fair
2086,668,Good
2087,605,Good
2088,746,Very Good
2089,573,Fair
2090,658,Good
2091,594,Fair
2092,552,Fair
2093,481,Fair
2094,548,Fair
2095,521,Fair
2096,801,Very Good
2097,581,Fair
2098,582,Fair
2099,615,Good
2100,607,Good
2101,632,Good
2102,585,Fair
2103,637,Good
2104,626,Good
2105,599,Fair
2106,619,Good
2107,593,Fair
2108,595,Fair
2109,648,Good
2110,590,Fair
2111,556,Fair
2112,622,Good
2113,609,Good
2114,614,Good
2115,642,Good
2116,653,Good
2117,468,Fair
2118,636,Good
2119,590,Fair
2120,625,Good
2121,605,Good
2122,782,Very Good
2123,628,Good
2124,572,Fair
2125,535,Fair
2126,540,Fair
2127,587,Fair
2128,658,Good
2129,815,Very Good
2130,621,Good
2131,694,Good
2132,574,Fair
2133,476,Fair
2134,590,Fair
2135,620,Good
2136,597,Fair
2137,658,Good
2138,766,Very Good
2139,633,Good
2140,481,Fair
2141,584,Fair
2142,604,Good
2143,619,Good
2144,551,Fair
2145,552,Fair
2146,807,Very Good
2147,601,Good
2148,613,Good
2149,525,Fair
2150,550,Fair
2151,558,Fair
2152,663,Good
2153,751,Very Good
2154,689,Good
2155,697,Good
2156,594,Fair
2157,601,Good
2158,524,Fair
2159,605,Good
2160,630,Good
2161,618,Good
2162,565,Fair
2163,661,Good
2164,674,Good
2165,545,Fair
2166,607,Good
2167,644,Good
2168,574,Fair
2169,589,Fair
2170,596,Fair
2171,644,Good
2172,560,Fair
2173,691,Good
2174,633,Good
2175,550,Fair
2176,740,Very Good
2177,593,Fair
2178,615,Good
2179,577,Fair
2180,588,Fair
2181,539,Fair
2182,604,Good
2183,575,Fair
2184,567,Fair
2185,542,Fair
2186,607,Good
2187,569,Fair
2188,546,Fair
2189,587,Fair
2190,568,Fair
2191,644,Good
2192,629,Good
2193,696,Good
2194,614,Good
2195,506,Fair
2196,586,Fair
2197,582,Fair
2198,585,Fair
2199,609,Good
2200,606,Good
2201,517,Fair
2202,594,Fair
2203,488,Fair
2204,630,Good
2205,680,Good
2206,617,Good
2207,687,Good
2208,592,Fair
2209,591,Fair
2210,496,Fair
2211,527,Fair
2212,592,Fair
2213,612,Good
2214,631,Good
2215,549,Fair
2216,779,Very Good
2217,789,Very Good
2218,624,Good
2219,786,Very Good
2220,570,Fair
2221,622,Good
2222,573,Fair
2223,816,Very Good
2224,561,Fair
2225,629,Good
2226,651,Good
2227,572,Fair
2228,637,Good
2229,601,Good
2230,661,Good
2231,820,Very Good
2232,522,Fair
2233,552,Fair
2234,586,Fair
2235,628,Good
2236,597,Fair
2237,588,Fair
2238,633,Good
2239,660,Good
2240,516,Fair
2241,559,Fair
2242,587,Fair
2243,628,Good
2244,547,Fair
2245,572,Fair
2246,560,Fair
2247,675,Good
2248,601,Good
2249,517,Fair
2250,511,Fair
2251,570,Fair
2252,615,Good
2253,617,Good
2254,732,Very Good
2255,616,Good
2256,611,Good
2257,594,Fair
2258,602,Good
2259,580,Fair
2260,580,Fair
2261,624,Good
2262,626,Good
2263,528,Fair
2264,695,Good
2265,463,Fair
2266,566,Fair
2267,594,Fair
2268,611,Good
2269,625,Good
2270,565,Fair
2271,646,Good
2272,627,Good
2273,746,Very Good
2274,589,Fair
2275,651,Good
2276,807,Very Good
2277,658,Good
2278,579,Fair
2279,747,Very Good
2280,579,Fair
2281,607,Good
2282,599,Fair
2283,589,Fair
2284,606,Good
2285,566,Fair
2286,669,Good
2287,780,Very Good
2288,558,Fair
2289,569,Fair
2290,545,Fair
2291,643,Good
2292,528,Fair
2293,619,Good
2294,566,Fair
2295,597,Fair
2296,526,Fair
2297,549,Fair
2298,593,Fair
2299,532,Fair
2300,620,Good
2301,464,Fair
2302,677,Good
2303,767,Very Good
2304,584,Fair
2305,572,Fair
2306,613,Good
2307,556,Fair
2308,726,Very Good
2309,626,Good
2310,534,Fair
2311,640,Good
2312,601,Good
2313,506,Fair
2314,570,Fair
2315,694,Good
2316,643,Good
2317,565,Fair
2318,680,Good
2319,566,Fair
2320,660,Good
2321,550,Fair
2322,547,Fair
2323,651,Good
2324,572,Fair
2325,627,Good
2326,556,Fair
2327,585,Fair
2328,606,Good
2329,605,Good
2330,601,Good
2331,465,Fair
2332,775,Very Good
2333,527,Fair
2334,553,Fair
2335,625,Good
2336,546,Fair
2337,578,Fair
2338,593,Fair
2339,612,Good
2340,597,Fair
2341,546,Fair
2342,608,Good
2343,546,Fair
2344,660,Good
2345,572,Fair
2346,629,Good
2347,682,Good
2348,545,Fair
2349,635,Good
2350,726,Very Good
2351,578,Fair
2352,511,Fair
2353,564,Fair
2354,587,Fair
2355,760,Very Good
2356,517,Fair
2357,618,Good
2358,626,Good
2359,694,Good
2360,669,Good
2361,560,Fair
2362,563,Fair
2363,658,Good
2364,584,Fair
2365,659,Good
2366,793,Very Good
2367,592,Fair
2368,540,Fair
2369,550,Fair
2370,505,Fair
2371,637,Good
2372,608,Good
2373,594,Fair
2374,632,Good
2375,605,Good
2376,564,Fair
2377,572,Fair
2378,453,Fair
2379,517,Fair
2380,478,Fair
2381,554,Fair
2382,574,Fair
2383,651,Good
2384,566,Fair
2385,749,Very Good
2386,612,Good
2387,551,Fair
2388,615,Good
2389,628,Good
2390,666,Good
2391,624,Good
2392,513,Fair
2393,735,Very Good
2394,682,Good
2395,580,Fair
2396,543,Fair
2397,588,Fair
2398,609,Good
2399,522,Fair
2400,552,Fair
2401,645,Good
2402,647,Good
2403,595,Fair
2404,524,Fair
2405,577,Fair
2406,612,Good
2407,484,Fair
2408,591,Fair
2409,600,Fair
2410,716,Very Good
2411,816,Very Good
2412,626,Good
2413,621,Good
2414,660,Good
2415,660,Good
2416,749,Very Good
2417,620,Good
2418,632,Good
2419,607,Good
2420,582,Fair
2421,508,Fair
2422,661,Good
2423,460,Fair
2424,612,Good
2425,562,Fair
2426,592,Fair
2427,619,Good
2428,580,Fair
2429,606,Good
2430,782,Very Good
2431,513,Fair
2432,663,Good
2433,588,Fair
2434,605,Good
2435,601,Good
2436,553,Fair
2437,526,Fair
2438,572,Fair
2439,672,Good
2440,612,Good
2441,571,Fair
2442,460,Fair
2443,519,Fair
2444,567,Fair
2445,532,Fair
2446,551,Fair
2447,566,Fair
2448,640,Good
2449,529,Fair
2450,546,Fair
2451,759,Very Good
2452,670,Good
2453,599,Fair
2454,692,Good
2455,632,Good
2456,558,Fair
2457,793,Very Good
2458,708,Very Good
2459,538,Fair
2460,596,Fair
2461,679,Good
2462,633,Good
2463,547,Fair
2464,455,Fair
2465,759,Very Good
2466,618,Good
2467,534,Fair
2468,605,Good
2469,776,Very Good
2470,605,Good
2471,635,Good
2472,760,Very Good
2473,599,Fair
2474,458,Fair
